Name,Smiles,Active_Probability,Predicted_Class,InDomain
0.9830844,Oc1cc(Br)c2oc(-c3ccc(O)c(F)c3)nc2c1,0.9929,Active,In-Domain
0.2141464,C/C=C(\C)c1cc(O)c(C)c2c1Oc1cc(O)cc(C)c1C(=O)O2,0.9765,Active,In-Domain
0.9973556,C/C=C(/C)c1cc(O)c(C)c2c1Oc1cc(O)cc(C)c1C(=O)O2,0.9747,Active,In-Domain
0.4425501,C[C@@H]1C[C@@]2(C)[C@H](O)CC[C@@H]2[C@H]2CCc3cc(O)ccc3[C@@H]21,0.95,Active,In-Domain
0.9754742,C[C@@]12CC=C3c4ccc(O)cc4CC[C@@H]3[C@H]1CC[C@H]2O,0.944,Active,In-Domain
0.88834095,C/C=C(\C)c1cc([O-])c(C)c2c1Oc1cc(O)cc(C)c1C(=O)O2,0.9246,Active,In-Domain
0.955024,C/C=C(/C)c1cc(O)c(C)c2c1Oc1cc([O-])cc(C)c1C(=O)O2,0.9212,Active,In-Domain
0.91167504,O=C1C[C@H](c2ccc3ncccc3c2)c2c(cc(O)c3c(=O)cc(-c4ccc(O)cc4)oc23)O1,0.9162,Active,In-Domain
0.90067136,[O-]c1ccc(-c2nc3cc(O)cc(Br)c3o2)cc1F,0.9162,Active,In-Domain
0.28854042,C/C=C(/C)c1cc(O)c(C)c2c1Oc1c(C)c(O)cc(/C(C)=C/C)c1C(=O)O2,0.907,Active,In-Domain
0.46542475,[O-]c1cc(Br)c2oc(-c3ccc(O)c(F)c3)nc2c1,0.8966,Active,In-Domain
0.9639791,C/C=C(\C)c1cc(O)c(C)c2c1Oc1cc([O-])cc(C)c1C(=O)O2,0.8944,Active,In-Domain
0.93749607,CC(C)=CCc1cc([C@H]2CC(=O)c3c(O)cc(O)cc3O2)cc(CC=C(C)C)c1O,0.8902,Active,In-Domain
0.96124256,O=C1C[C@H](c2ccc3nccnc3c2)c2c(cc(O)c3c(=O)cc(-c4ccc(O)cc4)oc23)O1,0.8697,Active,In-Domain
0.9844444,O=c1oc(-c2ccc(O)c(O)c2)cc2cccc(O)c12,0.8562,Active,In-Domain
0.8590346,O=C1C=C([O-])C=C(/C=C\c2ccc(O)cc2)/C1=N/Nc1c(O)cc(O)cc1/C=C/c1ccc(O)cc1,0.8533,Active,In-Domain
0.9990669,C/C=C(/C)c1cc(O)c(C)c2c1Oc1c(C)c([O-])cc(/C(C)=C/C)c1C(=O)O2,0.8474,Active,Out-of-Domain
0.9942662,CC(C)=CCC/C(C)=C/Cc1c(O)cc(O)c2c1O[C@@H](c1ccc(O)cc1O)CC2=O,0.8261,Active,In-Domain
0.97892946,CC(C)=CCc1c(-c2ccc(O)cc2O)oc2cc3c(c(O)c2c1=O)C=CC(C)(C)O3,0.8229,Active,In-Domain
0.8656951,C[C@@H](O)c1[nH]c2ccc(NC(=O)c3cn([C@H]4CC[C@@H]([NH3+])CC4)nn3)cc2[nH+]1,0.8163,Active,Out-of-Domain
0.99696416,COc1cc([C@@H]2Oc3c(OC)cc(/C=C/CO)cc3[C@@H]2CO)ccc1O,0.8163,Active,In-Domain
0.99532676,C[C@H](O)c1nc2ccc(NC(=O)c3cn([C@H]4CC[C@@H]([NH3+])CC4)nn3)cc2[nH]1,0.8012,Active,Out-of-Domain
0.977874,COc1cc(-c2nc(-c3ccc(O)cc3)[nH]c2-c2oc(C)cc(=O)c2[O-])ccc1O,0.8004,Active,In-Domain
0.862907,C[C@@H](O)c1nc2ccc(NC(=O)c3cn([C@H]4CC[C@@H]([NH3+])CC4)nn3)cc2[nH]1,0.7975,Active,Out-of-Domain
0.45471337,C[C@@H](O)c1nc2ccc(NC(=O)c3cn([C@H]4CC[C@@H]([NH3+])CC4)nn3)cc2[nH]1,0.7975,Active,Out-of-Domain
0.052255306,C[C@H](O)c1nc2ccc(NC(=O)c3cn([C@H]4CC[C@H]([NH3+])CC4)nn3)cc2[nH]1,0.7969,Active,Out-of-Domain
0.92959744,CC(C)=CCc1c(O)cc2c(c1O)C(=O)C[C@@H](c1ccc(O)cc1)O2,0.7846,Active,In-Domain
0.0053810757,C[C@@H](O)c1[nH]c2ccc(NC(=O)c3cn([C@H]4CC[C@@H]([NH3+])CC4)nn3)cc2[nH+]1,0.7733,Active,Out-of-Domain
0.44231266,CC(C)=CCc1c(O)cc(O)c2c1O[C@@H](c1ccc(O)cc1O)CC2=O,0.7675,Active,In-Domain
0.88385075,Cc1cc(-c2ccc3c(c2)CC[C@@H]3O)cc(C)c1O,0.763,Active,In-Domain
0.6921318,C[C@H](O)c1[nH]c2ccc(NC(=O)c3cn([C@H]4CC[C@@H]([NH3+])CC4)nn3)cc2[nH+]1,0.7566,Active,Out-of-Domain
0.97472906,O=C1C[C@H](c2ccc(O)cc2)Oc2c(/C=C/c3ccccc3)c([O-])cc(O)c21,0.756,Active,In-Domain
0.9998368,CC(C)=CCc1cc([C@@H]2CC(=O)c3c(O)cc(O)cc3O2)c(CC=C(C)C)c(O)c1O,0.7555,Active,In-Domain
0.82302237,O=C(N[O-])c1ccc(CNC(=O)c2[nH]c(-c3ccc(O)cc3)cc2-c2ccoc2)cc1,0.7548,Active,In-Domain
0.8091885,Oc1ccc2c(c1)CC[C@@H]1Cc3cc(O)c(O)cc3[C@@H]21,0.7485,Active,In-Domain
0.61007446,OCCN(CCO)c1ccc(C(c2ccc(Cl)cc2)c2ccc(N(CCO)CCO)cc2)cc1,0.7443,Active,Out-of-Domain
0.01365769,C/C=C(/C)c1cc([O-])c(C)c2c1Oc1c(C)c(O)cc(/C(C)=C/C)c1C(=O)O2,0.7319,Active,Out-of-Domain
0.718184,Cc1cc(C(=O)c2cc(C)c(O)c(C)c2)cc(C)c1O,0.7287,Active,In-Domain
0.597943,C/C=C(/C)c1cc(O)c(C)c2c1Oc1c(C)c(O)cc(/C(C)=C\C)c1C(=O)O2,0.7208,Active,In-Domain
0.50690466,O=C(N[O-])c1ccc(CNC(=O)c2[nH]c(-c3ccc(O)cc3)cc2-c2ccoc2)cc1,0.7187,Active,In-Domain
0.9748912,O=C1C=C([O-])C=C(/C=C\c2ccc(O)cc2)/C1=N/Nc1c([O-])cc(O)cc1/C=C/c1ccc(O)cc1,0.7186,Active,Out-of-Domain
0.9852485,COc1cc(-c2cc(=O)c3c(O)cc(O)c(C/C=C(\C)CCC=C(C)C)c3o2)ccc1O,0.7119,Active,In-Domain
0.01123997,Cc1c(CCC(=O)Nc2cccc(-c3ccc(CO)o3)c2)c(=O)oc2cc(O)ccc12,0.6987,Active,In-Domain
0.9347697,COc1c(O)c(CC=C(C)C)cc2c1Oc1cc(O)c(CC=C(C)C)c(O)c1C(=O)O2,0.697,Active,In-Domain
0.9804452,C[C@@H](O)c1[nH]c2ccc(NC(=O)c3cn([C@H]4CC[C@H]([NH3+])CC4)nn3)cc2[nH+]1,0.6898,Active,Out-of-Domain
0.44771382,COc1cc(-c2nc(-c3ccc(O)cc3OC)[nH]c2-c2oc(C)cc(=O)c2[O-])ccc1O,0.6893,Active,In-Domain
0.06731875,O=C(/C=C/c1ccc(O)c(O)c1)NCCc1ccc(O)cc1,0.6782,Active,In-Domain
0.66153955,Cc1c2cc(O)c(O)cc2c(C)c2cc(O)c(O)cc12,0.6748,Active,In-Domain
0.9771144,COc1cc(-c2[nH]c(-c3ccc(O)cc3O)nc2-c2oc(C)cc(=O)c2O)ccc1O,0.6711,Active,In-Domain
0.95330346,O=C1C[C@H](c2ccc(O)cc2)Oc2c(/C=C/c3ccccc3)c(O)cc(O)c21,0.6613,Active,In-Domain
0.7673579,C[C@H](O)c1[nH]c2ccc(NC(=O)c3cn([C@H]4CC[C@H]([NH3+])CC4)nn3)cc2[nH+]1,0.6572,Active,Out-of-Domain
0.9957158,CC(C)=CCC/C(C)=C/Cc1c(-c2ccc(O)cc2O)oc2cc([O-])cc(O)c2c1=O,0.6498,Active,In-Domain
0.85134655,C[C@@H](O)c1nc2ccc(NC(=O)c3cn([C@H]4CC[C@H]([NH3+])CC4)nn3)cc2[nH]1,0.6394,Active,Out-of-Domain
0.67969716,COc1cc(-c2[nH]c(-c3ccc(O)c(O)c3)nc2-c2oc(C)cc(=O)c2O)ccc1O,0.6393,Active,In-Domain
0.6107781,CC(C)=CCc1cc([C@@H]2CC(=O)c3c(O)cc(O)cc3O2)cc(O)c1O,0.6389,Active,In-Domain
0.9944733,O=c1cc(-c2ccc(O)cc2)oc2c(CN3CC[NH+](Cc4cccs4)CC3)c(O)cc(O)c12,0.6327,Active,In-Domain
0.138836,CC(C)=CCC[C@]1(C)C=Cc2c(cc(O)c3c2O[C@@H](c2ccc(O)cc2O)CC3=O)O1,0.627,Active,In-Domain
0.981126,O=C(/C=C/c1ccc(O)cc1)c1ccc(O)c(O)c1O,0.6252,Active,In-Domain
0.6401851,COc1cc([C@H]2Oc3cc(O)c4c(=O)c(O)c(-c5ccc(O)cc5)oc4c3O[C@@H]2CO)ccc1O,0.625,Active,In-Domain
0.82440996,Cc1cc(OC(=O)c2c(C)cc(OC(=O)c3c(C)cc(O)cc3O)cc2O)cc(O)c1C(=O)[O-],0.6246,Active,In-Domain
0.98487985,O=C(/C=C/c1ccc(O)c(O)c1)c1ccc(O)c(O)c1[O-],0.6238,Active,In-Domain
0.09026347,O=C(/C=C/c1ccc(O)c(O)c1)c1ccc(O)c(O)c1O,0.6233,Active,In-Domain
0.9790267,COc1c(O)c(CC=C(C)C)cc2c1Oc1cc(O)c(CC=C(C)C)c([O-])c1C(=O)O2,0.6221,Active,In-Domain
0.67813396,O=C1C[C@H](c2ccc3ncccc3c2)c2c(cc([O-])c3c(=O)cc(-c4ccc(O)c(O)c4)oc23)O1,0.6217,Active,Out-of-Domain
0.7035211,COc1cc(-c2nc(-c3ccc(O)cc3O)[nH]c2-c2oc(C)cc(=O)c2O)ccc1O,0.6215,Active,In-Domain
0.9945052,COc1cc(-c2nc(-c3cn(CC(=O)[O-])c4ccccc34)[nH]c2-c2oc(C)cc(=O)c2[O-])ccc1O,0.6116,Active,Out-of-Domain
0.7646909,COc1cc([C@H]2Oc3cc(O)c4c(=O)c(O)c(-c5ccc(O)cc5)oc4c3O[C@@H]2CO)ccc1O,0.6115,Active,In-Domain
0.9858219,C=C(C)[C@H](CC=C(C)C)Cc1c(O)cc(O)c2c1O[C@H](c1ccc(O)cc1O)CC2=O,0.6071,Active,In-Domain
0.5687366,O=C(/C=C/c1ccc(O)cc1)c1ccc(O)c(O)c1O,0.6013,Active,In-Domain
0.9920691,Cc1cc(OC(=O)c2c(C)cc(OC(=O)c3c(C)cc([O-])cc3O)cc2O)cc(O)c1C(=O)[O-],0.5945,Active,In-Domain
0.94019157,CC(C)=CCC/C(C)=C/Cc1c(-c2ccc(O)cc2O)oc2cc(O)cc(O)c2c1=O,0.592,Active,In-Domain
0.99856514,CC(C)=CCc1cc([C@H]2Oc3cc(O)cc(O)c3C(=O)[C@@H]2[O-])cc(CC=C(C)C)c1O,0.5902,Active,In-Domain
0.86332804,C/C=C(/C)c1cc([O-])c(C)c2c1Oc1cc(O)cc(C)c1C(=O)O2,0.5902,Active,In-Domain
0.46746105,O=C1C[C@H](c2cccc3cccnc23)c2c(cc(O)c3c(=O)cc(-c4ccc(O)cc4)oc23)O1,0.5805,Active,In-Domain
0.59015787,O=C(Nc1ccc(O)c(C(=O)[O-])c1)c1cccc(C(=O)Nc2ccc(O)c(C(=O)[O-])c2)c1,0.5756,Active,In-Domain
0.055050556,O=C1C[C@H](c2ccc3ncccc3c2)c2c(cc(O)c3c(=O)cc(-c4ccc(O)c(O)c4)oc23)O1,0.5753,Active,Out-of-Domain
0.9177353,O=c1cc(-c2ccc(O)cc2)oc2c(C[NH+]3CCN(Cc4cccs4)CC3)c(O)cc(O)c12,0.5718,Active,In-Domain
0.981977,Cc1cc(O)c(C(=O)/C=C/c2ccc(O)c(O)c2)cc1C,0.5685,Active,In-Domain
0.95202863,O=C(/C=C/c1ccc(O)c(O)c1)NCCc1ccc(O)c(O)c1,0.5684,Active,In-Domain
0.9943258,Cc1nc2c(C(=O)Nc3ccc([N@H+]4CCC[C@@H](O)C4)cc3)snc2c(=O)[nH]1,0.5681,Active,Out-of-Domain
0.98633343,CCOC(=O)C1=c2s/c(=C/c3ccc(O)cc3)c(=O)n2C(N)=C(C(=O)OC)[C@H]1c1ccc(O)cc1,0.5596,Active,In-Domain
0.9995024,COc1cc(-c2[nH]c(-c3ccc(O)cc3OC)nc2-c2oc(C)cc(=O)c2[O-])ccc1O,0.5529,Active,In-Domain
0.8744095,COc1cc(C[C@H]2CO[C@H](c3ccc(O)c(OC)c3)[C@H]2COC(C)=O)ccc1O,0.5491,Active,In-Domain
0.847763,COc1cc(-c2cc(-c3cc(Br)c(O)c(OC)c3)nn2CCO)ccc1O,0.5476,Active,In-Domain
0.23430096,O=C1C[C@H](c2ccc3ncccc3c2)c2c(cc([O-])c3c(=O)cc(-c4ccc(O)cc4)oc23)O1,0.5449,Active,In-Domain
0.7410642,COc1cc(O)ccc1/C=C/c1cc(O)cc(O)c1,0.5421,Active,In-Domain
0.967371,C/C=C(/C)c1cc(O)c(C)c2c1Oc1c(C)c([O-])cc(/C(C)=C\C)c1C(=O)O2,0.536,Active,Out-of-Domain
0.5662889,Cc1cc(O)cc([O-])c1C(=O)Oc1cc(C)c(C(=O)Oc2cc(C)c(C(=O)[O-])c(O)c2)c(O)c1,0.5309,Active,In-Domain
0.56487995,CC(C)=CCc1cc([C@H]2Oc3cc(O)cc(O)c3C(=O)[C@@H]2[O-])cc(CC=C(C)C)c1O,0.5296,Active,In-Domain
0.9628386,C=C(C)[C@H](CC=C(C)C)Cc1c(O)cc(O)c2c1O[C@H](c1ccc(O)cc1O)[C@@H]([O-])C2=O,0.5284,Active,In-Domain
0.018123774,COc1cc(-c2nc(-c3ccc(O)c(O)c3)[nH]c2-c2oc(C)cc(=O)c2[O-])ccc1O,0.5242,Active,In-Domain
0.8941485,COc1cc([C@@H]2OC[C@H]3[C@@H]2CO[C@H]3c2cc(OC)c(O)c(OC)c2)cc(OC)c1O,0.5217,Active,In-Domain
0.3585002,C[C@H](O)c1nc2cc(NC(=O)c3cn([C@H]4CC[C@H]([NH3+])CC4)nn3)ccc2[nH]1,0.5196,Active,Out-of-Domain
0.9831456,COc1cc([C@H]2OC[C@H]3[C@@H]2CO[C@@H]3c2cc(OC)c(O)c(OC)c2)cc(OC)c1O,0.517,Active,In-Domain
0.98259455,COc1cc(-c2[nH]c(-c3ccc(O)c(O)c3)nc2-c2oc(C)cc(=O)c2[O-])ccc1O,0.5139,Active,In-Domain
0.8043949,COc1cc(-c2[nH]c(-c3ccc(O)cc3O)nc2-c2oc(C)cc(=O)c2[O-])ccc1O,0.5128,Active,In-Domain
0.8780448,O=c1cc(-c2ccc(O)cc2)oc2c(CN3CC[NH+](Cc4cccs4)CC3)c([O-])cc(O)c12,0.5123,Active,In-Domain
0.36549044,COc1cc(-c2nc(-c3cn(CC(=O)[O-])c4ncccc34)[nH]c2-c2oc(C)cc(=O)c2[O-])ccc1O,0.5033,Active,Out-of-Domain
0.48956054,[O-]c1cc(O)ccc1-c1csc(Nc2ccc(O)cc2)n1,0.5032,Active,In-Domain
0.8875491,O=C([O-])C[C@@H](C(=O)[O-])c1ccc(OCCCCOc2ccc([C@@H](CC(=O)O)C(=O)[O-])cc2)cc1,0.4993,Inactive,Out-of-Domain
0.94812393,COc1cc([C@@H]2OC[C@@H]3[C@H]2CO[C@H]3c2cc(OC)c(O)c(OC)c2)cc(OC)c1O,0.4983,Inactive,In-Domain
0.6935435,COc1cc(-c2nc(-c3ccc(O)cc3O)[nH]c2-c2oc(C)cc(=O)c2[O-])ccc1O,0.4918,Inactive,In-Domain
0.9969663,Cc1cc([O-])c(C(=O)/C=C/c2ccc(O)c(O)c2)cc1C,0.4916,Inactive,In-Domain
0.9156362,COc1ccc(C(=O)N[C@@H]2CO[C@H]3[C@@H]2OC[C@H]3O)cc1Oc1ccc(CN)cc1F,0.4901,Inactive,Out-of-Domain
0.37723318,Oc1ccc(/C=C/c2cc(O)cc3c2[C@@H](c2cc(O)cc(O)c2)[C@H](c2ccc(O)cc2)O3)cc1,0.4866,Inactive,In-Domain
0.069397196,O=C(CCc1ccc(O)cc1)N[C@H]1C[C@H](c2nnc(CO)n2C2CC2)C1,0.4858,Inactive,In-Domain
0.9985398,C=C(C)[C@H](CC=C(C)C)Cc1c(O)cc(O)c2c(=O)c(O)c(-c3ccc(O)cc3O)oc12,0.4831,Inactive,In-Domain
0.9991609,CCOc1cc(-c2cc(-c3cc(OC)c(O)c(OC)c3)nn2CCO)ccc1O,0.4781,Inactive,In-Domain
0.30179158,COc1c([O-])c(CC=C(C)C)cc2c1Oc1cc(O)c(CC=C(C)C)c(O)c1C(=O)O2,0.4777,Inactive,In-Domain
0.7615141,O=C(/C=C/c1ccc(O)c(O)c1)c1ccc([O-])c(O)c1O,0.4771,Inactive,In-Domain
0.032053776,O=c1cc(-c2ccc(O)cc2)oc2c(C[NH+]3CCN(Cc4cccs4)CC3)c([O-])cc(O)c12,0.4757,Inactive,In-Domain
0.9558361,O=C1C[C@H](c2cccc3cccnc23)c2c(cc([O-])c3c(=O)cc(-c4ccc(O)cc4)oc23)O1,0.4752,Inactive,In-Domain
0.81019264,O=C(/C=C/c1ccc(O)c(O)c1)NCCc1ccc(O)c(O)c1,0.4697,Inactive,In-Domain
0.011012511,CC(C)=CCc1c([O-])cc2oc(-c3ccc(O)c(O)c3)cc(=O)c2c1O,0.4663,Inactive,In-Domain
0.95356506,Oc1ccc(/C=C/c2cc(O)cc(F)c2)cc1,0.4654,Inactive,In-Domain
0.90036416,Oc1ccc(Cc2ccc(O)c3ncccc23)c2cccnc12,0.4631,Inactive,In-Domain
0.9316419,COc1ccc(C(=O)N[C@@H]2CO[C@H]3[C@@H]2OC[C@H]3O)cc1Oc1ccc(C[NH3+])cc1F,0.4564,Inactive,Out-of-Domain
0.99923956,O/N=C/c1cc[n+](CCCC[n+]2ccc(/C=N/O)cc2)cc1,0.4548,Inactive,Out-of-Domain
0.33119264,O/N=C/c1cc[n+](CCCC[n+]2ccc(/C=N/O)cc2)cc1,0.4548,Inactive,Out-of-Domain
0.48083207,Cc1nn(CCO)cc1C[N@H+]1CC[C@]2(CC1)OCCc1cc(-c3ccc(O)cc3)sc12,0.4494,Inactive,Out-of-Domain
0.9724797,Cc1cc(OC(=O)c2c(C)cc(O)cc2O)cc([O-])c1C(=O)Oc1cc(C)c(C(=O)[O-])c(O)c1,0.4489,Inactive,In-Domain
0.27534145,COC(=O)c1c(C)c2c(c(C)c1[O-])OC(=O)c1c(C)c(Cl)c(O)c(Cl)c1O2,0.448,Inactive,Out-of-Domain
0.98783106,COc1c(C)c(O)c2c(c1C)O[C@@H](c1ccc(O)cc1)CC2=O,0.4422,Inactive,In-Domain
0.98736936,CC(C)=CCc1cc2cc(-c3cc(O)cc(O)c3)oc2cc1O,0.4418,Inactive,In-Domain
0.55035836,COc1ccc(C(=O)N[C@@H]2CO[C@H]3[C@@H]2OC[C@H]3O)cc1Oc1ccc(C[NH3+])cc1F,0.441,Inactive,Out-of-Domain
0.6719435,Cc1nc2c(C(=O)Nc3ccc(N4CCC[C@@H](O)C4)cc3)snc2c(=O)[nH]1,0.4407,Inactive,In-Domain
0.8119844,COc1cc(-c2cc(-c3cc(OC)c(O)c(OC)c3)nn2CCO)ccc1O,0.439,Inactive,In-Domain
0.34524038,O=C(Nc1cccc(O)c1)c1cc(-c2ccc(O)cc2)on1,0.4316,Inactive,In-Domain
0.46300766,CC(=O)CC(=O)C[C@]1(O)Cc2c(c([O-])c3c(O)cc(O)cc3c2CC=C(C)C)C(=O)[C@H]1O,0.4298,Inactive,In-Domain
0.9956124,CC(C)=CCc1cc([C@H]2CC(=O)c3c(O)cc([O-])cc3O2)cc(CC=C(C)C)c1O,0.4265,Inactive,In-Domain
0.9939599,CC(C)=CCC[C@]1(C)C=Cc2c(cc3c(c2O)C(=O)C[C@H](c2ccc(O)cc2O)O3)O1,0.4256,Inactive,In-Domain
0.90915316,O=Cc1ccc(-c2cc(-c3ccc(C=O)c([O-])c3)cc(-c3ccc(C=O)c(O)c3)c2)cc1[O-],0.4234,Inactive,In-Domain
0.5960789,O=C(Nc1ccc(O)cc1C(=O)[O-])c1cccc(C(=O)Nc2ccc(O)cc2C(=O)[O-])c1,0.4217,Inactive,In-Domain
0.8813297,Cc1cc(C[N@@H+]2CCC[C@@H](c3cc(=O)nc(N4CCOCC4)[nH]3)C2)cc(C)c1O,0.4214,Inactive,Out-of-Domain
0.98054415,Cc1cc(C[N@@H+]2CCC[C@H](c3cc(=O)nc(N4CCOCC4)[nH]3)C2)cc(C)c1O,0.4214,Inactive,Out-of-Domain
0.052858014,COc1cc(-c2[nH]c(-c3cn(CC(=O)[O-])c4ccccc34)nc2-c2oc(C)cc(=O)c2[O-])ccc1O,0.42,Inactive,Out-of-Domain
0.9742166,COc1cc(-c2cc(=O)c3c(O)c(CC=C(C)C)c(O)cc3o2)ccc1O,0.4193,Inactive,In-Domain
0.9984939,C/C=C(/C)c1c(Cl)c(O)c(C)c2c1Oc1c(Cl)c([O-])c(Cl)c(C)c1C(=O)O2,0.4183,Inactive,Out-of-Domain
0.9655358,COc1cc(O)cc2c1-c1c(O)cc(O)cc1C2=O,0.418,Inactive,In-Domain
0.9993679,C[C@@H](O)c1nc2cc(NC(=O)c3cn([C@H]4CC[C@@H]([NH3+])CC4)nn3)ccc2[nH]1,0.418,Inactive,Out-of-Domain
0.97854745,COc1c(-c2ccc(O)c(O)c2)oc2c(C/C=C(/C)CCC=C(C)C)c(O)cc(O)c2c1=O,0.4169,Inactive,In-Domain
0.30470368,Cn1c(CO)nnc1[C@H]1C[C@H](NC(=O)c2ccc3[nH]c(CO)nc3c2)C1,0.4164,Inactive,In-Domain
0.9672501,CC(=O)CC(=O)C[C@]1(O)Cc2c(c([O-])c3c(O)cc(O)cc3c2CC=C(C)C)C(=O)[C@H]1O,0.4163,Inactive,In-Domain
0.9303004,O=C1C[C@H](c2cccc3cccnc23)c2c(cc([O-])c3c(=O)cc(-c4ccc(O)c(O)c4)oc23)O1,0.4151,Inactive,Out-of-Domain
0.19043459,O=C([O-])CCCNC(=S)Nc1ccc2c(c1)C(=O)O[C@@]21c2ccc([O-])cc2Oc2cc(O)ccc21,0.4149,Inactive,Out-of-Domain
0.9963977,OCc1ccc2c(c1)OCCOCCOc1cc(CO)ccc1OCCOCCO2,0.4138,Inactive,In-Domain
0.07059375,O=C([O-])CCCNC(=S)Nc1ccc2c(c1)C(=O)OC21c2ccc(O)cc2Oc2cc(O)ccc21,0.4106,Inactive,Out-of-Domain
0.4085534,COc1cc(-c2nc(-c3cn(CC(=O)[O-])c4ccccc34)[nH]c2-c2oc(C)cc(=O)c2O)ccc1O,0.4093,Inactive,Out-of-Domain
0.9988908,Cc1cc(C[N@@H+]2CCC[C@@H](c3cc(=O)nc(N4CCOCC4)[nH]3)C2)cc(C)c1O,0.4069,Inactive,Out-of-Domain
0.9989907,CC1(C)CCc2c(cc(O)c3c2O[C@H](c2ccc(O)cc2)CC3=O)O1,0.405,Inactive,In-Domain
0.8232655,CCOC(=O)C1=c2s/c(=C/c3ccc([O-])cc3)c(=O)n2C(N)=C(C(=O)OC)[C@H]1c1ccc(O)cc1,0.4041,Inactive,In-Domain
0.1488396,COc1cc(C[C@@H](C)[C@H](C)Cc2ccc(O)c(OC)c2)ccc1O,0.4012,Inactive,In-Domain
0.0118422685,[O-]c1cc(O)cc(/N=N/c2ccc(O)cc2)c1,0.3997,Inactive,In-Domain
0.76712096,[O-]c1cc(O)cc(/N=N/c2ccc(O)cc2)c1,0.3997,Inactive,In-Domain
0.8441527,[O-]/N=C/c1cc[n+](CCCC[n+]2ccc(/C=N/O)cc2)cc1,0.398,Inactive,Out-of-Domain
0.09628371,[O-]/N=C/c1cc[n+](CCCC[n+]2ccc(/C=N/O)cc2)cc1,0.398,Inactive,Out-of-Domain
0.9087631,COc1ccc([C@@H](CC(=O)NCC(=O)[O-])NC(=O)Cc2c(C)c3ccc(O)cc3oc2=O)cc1OC,0.3971,Inactive,In-Domain
0.5071778,Oc1ccc2cc(-c3ccc(O)c(O)c3)ccc2c1,0.3968,Inactive,In-Domain
0.9883668,CC(=O)N[C@@H]1CC[C@H](C(=O)[O-])CN(C(=O)c2ccc(-c3ccc(O)cc3)cc2)C1,0.3966,Inactive,In-Domain
0.9854635,Oc1ccc(Nc2nc(-c3ccc(O)cc3O)cs2)cc1,0.3964,Inactive,In-Domain
0.97416276,Cc1cc(C[N@H+]2CCC[C@@H](c3cc(=O)nc(N4CCOCC4)[nH]3)C2)cc(C)c1O,0.3953,Inactive,Out-of-Domain
0.9870832,Cc1cc(C[N@H+]2CCC[C@H](c3cc(=O)nc(N4CCOCC4)[nH]3)C2)cc(C)c1O,0.3953,Inactive,Out-of-Domain
0.7757822,CC(C)=CCc1c(O)cc2c(c1O)C(=O)C[C@H](c1ccc(O)cc1O)O2,0.3921,Inactive,In-Domain
0.9669348,CC(C)=CCc1cc(-c2oc3cc(O)cc(O)c3c(=O)c2O)cc(O)c1O,0.3901,Inactive,In-Domain
0.6748789,O=C(/C=C/c1ccc([O-])c(O)c1)NCCc1ccc(O)c(O)c1,0.3874,Inactive,In-Domain
0.46908078,COc1ccc(C(=O)N[C@@H]2CO[C@H]3[C@@H]2OC[C@H]3O)cc1Oc1ccc(CN)cc1F,0.382,Inactive,Out-of-Domain
0.95426995,Cn1c(CO)nnc1[C@H]1C[C@@H](NC(=O)c2ccc3nc(CO)[nH]c3c2)C1,0.3811,Inactive,In-Domain
0.98886526,Oc1ccc([C@H]2Oc3c(Cc4ccccc4)c(O)cc(O)c3C[C@@H]2O)cc1O,0.3783,Inactive,In-Domain
0.29479292,Cc1nc2c(C(=O)Nc3ccc([N@@H+]4CCC[C@@H](O)C4)cc3)snc2c(=O)[nH]1,0.3756,Inactive,Out-of-Domain
0.6014625,COC(=O)c1c(C)c2c(c(C)c1O)OC(=O)c1c(C)c(Cl)c([O-])c(Cl)c1O2,0.3739,Inactive,Out-of-Domain
0.9512681,Cc1c(CC(=O)[O-])c(=O)oc2cc(OCc3ccc(C(=O)[O-])cc3)ccc12,0.3727,Inactive,In-Domain
0.9246333,O=C(/C=C/c1ccc([O-])c(O)c1)NCCc1ccc(O)c(O)c1,0.3723,Inactive,In-Domain
0.50231946,O=Cc1ccc(-c2cc(-c3ccc(C=O)c(O)c3)cc(-c3ccc(C=O)c(O)c3)c2)cc1O,0.369,Inactive,In-Domain
0.019186378,O=C1CS/C(=N\c2ccc(O)cc2)N1c1ccc(O)cc1,0.3665,Inactive,In-Domain
0.9875029,COc1c(-c2cc(O)c(O)c(CC=C(C)C)c2)oc2cc([O-])cc(O)c2c1=O,0.3626,Inactive,In-Domain
0.9752764,O=C([O-])COc1ccccc1[C@H]1CC(=O)Oc2cc([O-])c3c(=O)cc(-c4ccc(O)cc4)oc3c21,0.3599,Inactive,In-Domain
0.75580424,O=C([O-])C[C@@H](C(=O)[O-])c1ccc(OCCCCOc2ccc([C@@H](CC(=O)[O-])C(=O)[O-])cc2)cc1,0.3582,Inactive,Out-of-Domain
0.9754675,COc1cc(-c2[nH]c(-c3ccc(O)cc3)nc2-c2oc(C)cc(=O)c2[O-])ccc1O,0.3565,Inactive,In-Domain
0.17057136,COc1ccc(C(=O)/C=C/c2ccc(O)cc2)c(O)c1CC=C(C)C,0.3549,Inactive,In-Domain
0.93968767,O=C([O-])CCCNC(=S)Nc1ccc2c(c1)C(=O)O[C@]21c2ccc([O-])cc2Oc2cc(O)ccc21,0.3542,Inactive,Out-of-Domain
0.93637466,CC/C(=C(/CC)c1ccc(OP(=O)([O-])[O-])cc1)c1ccc(OP(=O)([O-])[O-])cc1,0.3515,Inactive,Out-of-Domain
0.98969436,O=C(/C=C/c1ccc([O-])c(O)c1)NCCc1ccc(O)cc1,0.3502,Inactive,In-Domain
0.9990245,CC(C)=CCc1c(O)cc(/C=C/c2ccc(O)cc2O)cc1O,0.3484,Inactive,In-Domain
0.50914514,O=C([O-])/C=C/c1ccc(O[C@@H](C(=O)[O-])[C@H](O)c2ccc(O)c(O)c2)c(O)c1,0.3483,Inactive,Out-of-Domain
0.90918195,Cc1cc(O)cc([O-])c1C(=O)Oc1cc(C)c(C(=O)Oc2cc(C)c(C(=O)[O-])c(O)c2)c([O-])c1,0.3472,Inactive,In-Domain
0.8960151,COc1cc(-c2nc(-c3cn(CC(=O)[O-])c4ncccc34)[nH]c2-c2oc(C)cc(=O)c2O)ccc1O,0.3449,Inactive,Out-of-Domain
0.27913898,COc1cc(-c2[nH]c(-c3cn(CC(=O)[O-])c4ccccc34)nc2-c2oc(C)cc(=O)c2O)ccc1O,0.3423,Inactive,In-Domain
0.18116958,O=Cc1ccc(-c2cc(-c3ccc(C=O)c(O)c3)cc(-c3ccc(C=O)c(O)c3)c2)cc1[O-],0.3401,Inactive,In-Domain
0.9926386,O=S(=O)([O-])Oc1cc(O)cc(/C=C/c2ccc(O)cc2)c1,0.3392,Inactive,In-Domain
0.9997453,COc1cc(-c2nc(-c3ccc(O)cc3OC)[nH]c2-c2oc(C)cc(=O)c2O)ccc1O,0.338,Inactive,In-Domain
0.0043606013,CC(C)(C)c1cc(-c2csc(C[NH3+])n2)cc(C(C)(C)C)c1O,0.3369,Inactive,Out-of-Domain
0.8944162,O=C([O-])/C=C/c1ccc(O[C@@H](C(=O)[O-])[C@H](O)c2ccc(O)c(O)c2)c(O)c1,0.336,Inactive,Out-of-Domain
0.8545368,O=C1C[C@H](c2ccc3nccnc3c2)c2c(cc([O-])c3c(=O)cc(-c4ccc(O)cc4)oc23)O1,0.3353,Inactive,In-Domain
0.38372776,O=C1N=C(Nc2ccc(O)cc2)S/C1=C\c1ccc(O)cc1,0.3329,Inactive,In-Domain
0.9236246,COc1cc(-c2[nH]c(-c3cn(CC(=O)[O-])c4ncccc34)[nH+]c2-c2oc(C)cc(=O)c2O)ccc1O,0.3323,Inactive,Out-of-Domain
0.9325823,O=C([O-])CS(=O)(=O)c1ccc(-c2ccc(S(=O)(=O)CC(=O)[O-])cc2)cc1,0.3302,Inactive,Out-of-Domain
0.5343698,COc1cc(-c2[nH]c(-c3cn(CC(=O)[O-])c4ncccc34)nc2-c2oc(C)cc(=O)c2O)ccc1O,0.3293,Inactive,Out-of-Domain
0.9577529,COc1cc(-c2nc(-c3ccc(O)cc3)[nH]c2-c2oc(C)cc(=O)c2O)ccc1O,0.324,Inactive,In-Domain
0.3452451,O=C1N=C(Nc2ccc(O)cc2)S/C1=C\c1ccc([O-])cc1,0.323,Inactive,In-Domain
0.24828692,Oc1ccc(/N=N/c2cc(O)cc(O)c2)cc1,0.3227,Inactive,In-Domain
0.8977073,COc1cc(-c2nc(-c3ccc(O)c(O)c3)[nH]c2-c2oc(C)cc(=O)c2O)ccc1O,0.3207,Inactive,In-Domain
0.99587363,Cc1cccc(N2CC[NH+](Cc3ccc(O)cc3)CC2)c1C,0.3201,Inactive,In-Domain
0.67479897,O=C1C[C@H](c2cccc3cccnc23)c2c(cc(O)c3c(=O)cc(-c4ccc(O)c(O)c4)oc23)O1,0.3182,Inactive,In-Domain
0.9614141,O=C(CCc1ccc(O)c(O)c1)C[C@@H](O)CCc1ccc(O)c(O)c1,0.3178,Inactive,In-Domain
0.9989416,CC(C)=CCc1c(O)ccc(C(=O)/C=C/c2ccc(O)cc2O)c1[O-],0.3162,Inactive,In-Domain
0.82561016,Cc1c(CC(=O)N[C@H](Cc2c[nH]c3ccc(O)cc23)C(=O)[O-])c(=O)oc2cc(O)ccc12,0.3155,Inactive,In-Domain
0.99142563,Cc1nc([O-])c2nsc(C(=O)Nc3ccc([N@H+]4CCC[C@@H](O)C4)cc3)c2n1,0.3154,Inactive,Out-of-Domain
0.11227691,COc1c(O)cc2oc(-c3c(Cl)cc(O)cc3Cl)cc(=O)c2c1O,0.3135,Inactive,In-Domain
0.9885239,COc1cc(-c2[nH]c(-c3ccc(O)cc3OC)nc2-c2oc(C)cc(=O)c2O)ccc1O,0.3024,Inactive,In-Domain
0.97763515,CC1(C)C=Cc2c(cc(O)c3c(=O)c(O)c(-c4ccc(O)cc4)oc23)O1,0.3004,Inactive,In-Domain
0.36499196,O=C([O-])c1ccc(-c2cnc(-c3ccc(O)cc3)s2)cc1,0.2997,Inactive,In-Domain
0.9842672,O=c1c2c(O)cc(O)cc2oc2ccc(O)c([O-])c12,0.2959,Inactive,In-Domain
0.8311662,CC(=O)CC(=O)C[C@]1(O)Cc2c(c([O-])c3c(O)cc(O)cc3c2CC=C(C)C)C(=O)[C@H]1O,0.2953,Inactive,In-Domain
0.76687783,[NH3+]CCc1ccc(Oc2ccc(F)c(C(=O)N[C@H]3C[C@H]4C[NH2+]C[C@H]4C[C@@H]3O)c2)cc1,0.2953,Inactive,Out-of-Domain
0.58796346,C[C@H](O)c1nc2cc(NC(=O)c3cn([C@H]4CC[C@@H]([NH3+])CC4)nn3)ccc2[nH]1,0.2934,Inactive,Out-of-Domain
0.94826156,COc1c(-c2ccc(O)cc2)oc2cc(O)c(CC=C(C)C)c(O)c2c1=O,0.2932,Inactive,In-Domain
0.01832013,CC1(C)C=Cc2c(O)ccc([C@H]3CC(=O)c4c(O)cc(O)cc4O3)c2O1,0.2927,Inactive,In-Domain
0.86113113,CC1(C)C=Cc2c(O)ccc([C@@H]3CC(=O)c4c(O)cc(O)cc4O3)c2O1,0.2927,Inactive,In-Domain
0.92308086,COc1ccc2c(c1)c1c3n2CCN[C@@H]3CCC1,0.2918,Inactive,Out-of-Domain
0.98131496,O=C(c1cccc([C@H]2CCC[NH2+]C2)c1)N1CCN(CCOCCO)CC1,0.2917,Inactive,In-Domain
0.9994593,O=c1c2c(O)cc(O)cc2oc2ccc(O)c(O)c12,0.2908,Inactive,In-Domain
0.98206216,COc1cc(-c2[nH]c(-c3ccc(O)cc3)nc2-c2oc(C)cc(=O)c2O)ccc1O,0.2905,Inactive,In-Domain
0.19672336,Oc1ccc(/N=N/c2cc(O)cc(O)c2)cc1,0.2904,Inactive,In-Domain
0.99951327,Oc1ccc(/C=C/c2cc(O)cc3c2[C@@H](c2cc(O)cc(O)c2)[C@H](c2ccc(O)cc2)O3)cc1,0.2892,Inactive,In-Domain
0.9628866,COc1c(-c2cc(O)c(O)c(CC=C(C)C)c2)oc2c(CC=C(C)C)c(O)cc(O)c2c1=O,0.2877,Inactive,In-Domain
0.997806,O=C(CCc1c(O)cc(O)cc1O)c1ccc(O)cc1,0.2869,Inactive,In-Domain
0.9812337,CC(C)=CCc1c(O)c(CC=C(C)C)c2c(c1O)C(=O)C[C@H](c1ccc(O)cc1O)O2,0.2862,Inactive,In-Domain
0.8769791,[NH3+]CCc1ccc(C(=O)N[C@@H]2C[C@H]3CO[C@@H](CCO)C[N@@H+]3C2)cc1,0.2849,Inactive,Out-of-Domain
0.974263,CC(C)=CCc1cc([C@@H]2CC(=O)c3c(O)cc([O-])cc3O2)c(CC=C(C)C)c(O)c1O,0.2847,Inactive,In-Domain
0.39473474,C[C@@]12CC[C@H]3c4ccc(O)cc4CC[C@H]3[C@H]1CC/C2=N/OCC(=O)[O-],0.284,Inactive,In-Domain
0.9673216,Cc1nc([O-])c2nsc(C(=O)Nc3ccc([N@@H+]4CCC[C@@H](O)C4)cc3)c2n1,0.2833,Inactive,Out-of-Domain
0.9901299,COC(=O)C1=C(N)n2c(s/c(=C/c3ccc(O)cc3)c2=O)=C(C(=O)OC)[C@@H]1c1ccc(O)cc1,0.2803,Inactive,In-Domain
0.956393,O=C([O-])COc1ccccc1[C@H]1CC(=O)Oc2cc(O)c3c(=O)cc(-c4ccc(O)cc4)oc3c21,0.28,Inactive,In-Domain
0.19236544,Cc1cc(O)c2c(c1)Cc1cc(O)cc(O)c1OC2=O,0.2793,Inactive,In-Domain
0.75125706,Cc1cccc(N2CCN(Cc3ccc(O)cc3)CC2)c1C,0.2787,Inactive,In-Domain
0.4120843,[O-]c1cc(Br)c2oc(-c3ccc([O-])c(F)c3)nc2c1,0.2786,Inactive,In-Domain
0.97581255,C=C(C)[C@H](CC=C(C)C)Cc1c(O)cc(O)c2c1O[C@H](c1ccc(O)cc1O)[C@@H](O)C2=O,0.2779,Inactive,In-Domain
0.7347418,C/C=C(/C)c1c(Cl)c([O-])c(C)c2c1Oc1c(Cl)c([O-])c(Cl)c(C)c1C(=O)O2,0.2763,Inactive,Out-of-Domain
0.9872219,CC(C)=CCc1c(O)cc2oc(-c3ccc(O)c(O)c3)cc(=O)c2c1O,0.2761,Inactive,In-Domain
0.9946037,COc1cc2c(c(O)c1C)CC[C@H](c1ccc(O)cc1)O2,0.2761,Inactive,In-Domain
0.6922576,O=C1C[C@H](c2cccc3cccnc23)c2c(cc(O)c3c(=O)c([O-])c(-c4ccc(O)c(O)c4)oc23)O1,0.2746,Inactive,Out-of-Domain
0.12523253,[O-]c1cc2c(cc1O)[C@H]1c3ccc(O)cc3CC[C@@H]1C2,0.2746,Inactive,In-Domain
0.75123227,CC/C(=C(/CC)c1ccc(O[P@](=O)([O-])O)cc1)c1ccc(OP(=O)([O-])[O-])cc1,0.2737,Inactive,Out-of-Domain
0.9558361,C[C@](O)(CCCO)CNC(=O)c1cc(-c2ccc(O)cc2)n[nH]1,0.2721,Inactive,In-Domain
0.4022751,O=C(CCc1c([O-])cc(O)cc1O)c1ccc(O)cc1,0.271,Inactive,In-Domain
0.9957307,C[C@](O)(CCCO)CNC(=O)c1cc(-c2ccc(O)cc2)[nH]n1,0.27,Inactive,In-Domain
0.9967699,C[C@@H](O)c1nc2cc(NC(=O)c3cn([C@H]4CC[C@H]([NH3+])CC4)nn3)ccc2[nH]1,0.2689,Inactive,Out-of-Domain
0.22204924,Cc1nc(Nc2ccc(O)cc2)nc(Nc2ccc(O)cc2)c1[N+](=O)[O-],0.2676,Inactive,Out-of-Domain
0.9848018,C[C@@H](O)c1nc2cc(NC(=O)c3cn([C@H]4CC[C@@H]([NH3+])CC4)nn3)ccc2[nH]1,0.2665,Inactive,Out-of-Domain
0.87797457,CC(=O)c1c(O)cc(O)cc1C[C@@H]1Cc2cc(O)cc(O)c2C(=O)O1,0.2651,Inactive,In-Domain
0.99792373,O=S(=O)([O-])Oc1cc(O)cc(/C=C/c2ccc(O)cc2)c1,0.2647,Inactive,In-Domain
0.9775802,O=C1/C(=C/c2ccc(O)cc2)S/C(=N\c2ccc(O)cc2)N1c1ccc(O)cc1,0.2644,Inactive,In-Domain
0.89186317,O=C1C[C@H](c2ccc(O)cc2)Oc2cc([O-])c(/C=C/c3ccccc3)c(O)c21,0.264,Inactive,In-Domain
0.03833063,COc1c(O)c(CC=C(C)C)cc2c1Oc1cc([O-])c(CC=C(C)C)c(O)c1C(=O)O2,0.2625,Inactive,Out-of-Domain
0.88973135,COc1ccc(C(=O)/C=C/c2ccc(O)cc2)c([O-])c1CC=C(C)C,0.2607,Inactive,In-Domain
0.85573894,CC(C)=CCC/C(C)=C/Cc1c(O)cc2c(c1O)C(=O)[C@H](O)[C@@H](c1ccc(O)c(O)c1)O2,0.2595,Inactive,In-Domain
0.7248889,Cc1cc(C[N@@H+]2CCC[C@@H](c3cc(=O)[nH]c(N4CCOCC4)n3)C2)cc(C)c1O,0.2588,Inactive,Out-of-Domain
0.99061006,CC(C)=CCc1cc([C@H]2Oc3cc(O)cc(O)c3C(=O)[C@@H]2O)cc(CC=C(C)C)c1O,0.2581,Inactive,In-Domain
0.9052665,Cc1cc([C@@H]2CCC[NH2+]C2)oc(=O)c1C(=O)NCC[N@H+]1CC[C@H](CO)CC1,0.2577,Inactive,Out-of-Domain
0.25130364,Cc1c(CCC(=O)Nc2cccc(-c3ccc(CO)o3)c2)c(=O)oc2cc([O-])ccc12,0.2571,Inactive,In-Domain
0.98070645,COc1cc(-c2cc(=O)c3c(O)c(CC=C(C)C)c([O-])cc3o2)ccc1O,0.2559,Inactive,In-Domain
0.034025002,Cc1cc([C@H]2CCC[NH2+]C2)oc(=O)c1C(=O)NCC[N@H+]1CC[C@H](CO)CC1,0.2551,Inactive,Out-of-Domain
0.99905866,O=C([O-])c1cc2cc(O)c(O)cc2c(C(=O)c2ccc(O)c(O)c2)n1,0.2529,Inactive,Out-of-Domain
0.8997116,O=C1C[C@H](c2ccc(O)cc2)Oc2cc(O)c(/C=C/c3ccccc3)c(O)c21,0.2515,Inactive,In-Domain
0.99855644,O=C(NCCOCCO)c1ccc(-c2ccc(O)c(CO)c2)cc1,0.2498,Inactive,In-Domain
0.2215073,O=S(=O)([O-])c1ccc(/N=N/c2ccc(O)cc2F)cc1,0.247,Inactive,In-Domain
0.8814005,COc1cc(O)cc(-c2cc3cc(O)c(OC)cc3o2)c1,0.2467,Inactive,In-Domain
0.025708016,Cn1c(CO)nnc1[C@H]1C[C@H](NC(=O)c2ccc3nc(CO)[nH]c3c2)C1,0.2466,Inactive,In-Domain
0.992447,Cn1c(CO)nnc1[C@H]1C[C@@H](Nc2nccc(N3CCC(O)CC3)n2)C1,0.2458,Inactive,Out-of-Domain
0.86659586,COc1cc(-c2[nH]c(-c3cn(CC(=O)[O-])c4ccccc34)[nH+]c2-c2oc(C)cc(=O)c2O)ccc1O,0.2455,Inactive,Out-of-Domain
0.13596913,Cc1cc(C[N@H+]2CCC[C@H](c3cc(=O)[nH]c(N4CCOCC4)n3)C2)cc(C)c1O,0.2453,Inactive,Out-of-Domain
0.47587353,O=C([O-])CCNC(=O)/C(=C/c1ccc(O)cc1)NC(=O)c1ccccc1,0.2434,Inactive,In-Domain
0.13743208,COc1cc(C[C@H](CO)[C@@H](CO)Cc2ccc(O)c(OC)c2)ccc1O,0.2431,Inactive,In-Domain
0.998963,O=C([O-])[C@H]1CC[C@H](c2ccc(O)cc2)CC1,0.2391,Inactive,In-Domain
0.99849284,O=c1oc2c(O)c([O-])ccc2c2c(O)c(O)c(O)cc12,0.2387,Inactive,In-Domain
0.982405,Cc1cc(C[N@H+]2CCC[C@@H](c3cc(=O)nc(N4CCOCC4)[nH]3)C2)cc(C)c1O,0.2378,Inactive,Out-of-Domain
0.99287343,Cc1cc(O)c(O)c2oc(=O)c3c(O)cc(O)cc3c12,0.2369,Inactive,In-Domain
0.9432484,C=C(C)[C@H](CC=C(C)C)Cc1c(O)cc(O)c2c1O[C@H](c1ccc(O)cc1O)[C@@H](O)C2=O,0.2361,Inactive,In-Domain
0.9496573,O=C([O-])COc1ccccc1[C@H]1CC(=O)Oc2cc([O-])c3c(=O)cc(-c4ccc(O)c(O)c4)oc3c21,0.2351,Inactive,Out-of-Domain
0.08870418,COc1cc(CC[C@H](C[C@H](O)CCc2cc(O)c(O)c(OC)c2)OC(C)=O)ccc1O,0.2344,Inactive,In-Domain
0.92860806,COc1cc(-c2[nH]c(-c3cn(CC(=O)[O-])c4ncccc34)nc2-c2oc(C)cc(=O)c2[O-])ccc1O,0.2336,Inactive,Out-of-Domain
0.98791015,C[C@H]([C@H](O)c1ccc(O)cc1)[N@H+]1CC[C@H](Cc2ccccc2)CC1,0.2312,Inactive,In-Domain
0.98723197,O=C(C[C@H]1CC[C@@H](CNC(=O)c2ccc(O)cc2F)[N@@H+]1CC1CC1)NCCO,0.2309,Inactive,Out-of-Domain
0.9963942,Cn1c(CO)nnc1[C@H]1CC[N@H+](Cc2nnc([C@H]3C[C@H]([NH3+])C3)n2C)CC1,0.23,Inactive,Out-of-Domain
0.31447247,O=C1C[C@H](c2ccc(O)c(O)c2)Oc2cc([O-])c(O)c(O)c21,0.2291,Inactive,In-Domain
0.6900466,[H]/N=C1/NC(=O)/C(=C\c2ccc([O-])c(O)c2)S1,0.2285,Inactive,Out-of-Domain
0.7573081,COC(=O)C[C@H](c1ccc(C(=O)[O-])cc1)c1c(O)ccc2c(=O)c(-c3ccc(O)cc3)coc12,0.2277,Inactive,In-Domain
0.7534802,CC(C)=CCOc1cc(O)c2c(c1)O[C@H](c1ccc(O)cc1)[C@@H](O)C2=O,0.2264,Inactive,In-Domain
0.981611,O=C([O-])/C=C/c1ccc(O)c(O)c1/C=C/c1ccc(O)c(O)c1,0.2254,Inactive,Out-of-Domain
0.90255,O=C([O-])COc1ccccc1[C@H]1CC(=O)Oc2cc(O)c3c(=O)cc(-c4ccc(O)c(O)c4)oc3c21,0.2251,Inactive,Out-of-Domain
0.9992488,COc1c(-c2cc(O)c(O)c(CC=C(C)C)c2)oc2c(CC=C(C)C)c([O-])cc(O)c2c1=O,0.2243,Inactive,In-Domain
0.962889,CCN(C[C@H](O)c1cccc(O)c1)C(=O)c1cc(-c2ccc(O)cc2)[nH]n1,0.2205,Inactive,In-Domain
0.31881076,CC(=O)CC(=O)C[C@]1(O)Cc2c(c(O)c3c([O-])cc(O)cc3c2CC=C(C)C)C(=O)[C@H]1O,0.2201,Inactive,Out-of-Domain
0.96424526,COc1cc(C)ccc1OCC[N@@H+]1CC[C@H](O)[C@](CO)(Cc2ccccc2)C1,0.2195,Inactive,Out-of-Domain
0.9930703,Cc1cc(C[N@@H+]2CCC[C@H](c3cc(=O)[nH]c(N4CCOCC4)n3)C2)cc(C)c1O,0.218,Inactive,Out-of-Domain
0.22577874,Cc1cc(C[N@H+]2CCC[C@@H](c3cc(=O)[nH]c(N4CCOCC4)n3)C2)cc(C)c1O,0.218,Inactive,Out-of-Domain
0.98791516,COc1cc([C@H]2c3c(cc(OC)c(O)c3OC)C[C@@H](CO)[C@@H]2CO)ccc1O,0.2173,Inactive,In-Domain
0.95893556,O=C(/C=C/c1cccc(O)c1O)c1ccc(O)cc1[O-],0.2166,Inactive,In-Domain
0.6637062,CC(C)(C)c1cc(-c2csc(CN)n2)cc(C(C)(C)C)c1O,0.2162,Inactive,Out-of-Domain
0.25117996,C=C(C)[C@H](CC=C(C)C)Cc1c(O)cc(O)c2c1O[C@H](c1ccc(O)cc1O)[C@@H](O)C2=O,0.2157,Inactive,In-Domain
0.585604,Oc1cccc(-c2nc(-c3cccc(O)c3)nc(-c3cccc(O)c3)n2)c1,0.2145,Inactive,In-Domain
0.94054586,Cc1c(O)cc2c(c1O)C(=O)[C@H]([O-])[C@@H](c1cc(O)c(O)c(O)c1)O2,0.2143,Inactive,In-Domain
0.5087079,CC(=O)CC(=O)C[C@]1(O)Cc2c(c(O)c3c([O-])cc(O)cc3c2CC=C(C)C)C(=O)[C@H]1O,0.2138,Inactive,Out-of-Domain
0.94222295,[O-]c1ccc2c(c1)CC[C@@H]1Cc3cc(O)c(O)cc3[C@@H]21,0.2128,Inactive,In-Domain
0.27360597,O=C(/C=C/c1ccc(O)cc1)c1ccc(O)c(O)c1[O-],0.2127,Inactive,In-Domain
0.9758183,O=C1c2ccc(O)cc2O[C@H](c2cc(O)c(O)c(O)c2)[C@H]1[O-],0.2125,Inactive,In-Domain
0.985885,Cc1cc(C[N@@H+]2CCC[C@@H](c3cc(=O)[nH]c(N4CCOCC4)n3)C2)cc(C)c1O,0.212,Inactive,Out-of-Domain
0.98664993,Cc1nc(=O)c2nsc(C(=O)Nc3ccc([N@@H+]4CCC[C@@H](O)C4)cc3)c2[nH]1,0.2118,Inactive,Out-of-Domain
0.85767037,COc1cc(CNC(=O)c2cccc(-c3ccc(O)cc3)c2)ccc1O,0.2111,Inactive,In-Domain
0.9949012,COc1cc(C[N@H+]2CCC[C@@H](c3cc(=O)nc(N4CCCCC4)[nH]3)C2)cc(OC)c1O,0.2111,Inactive,Out-of-Domain
0.9400592,CC(C)=CCc1cc(-c2oc3cc([O-])cc(O)c3c(=O)c2O)cc(O)c1O,0.2106,Inactive,In-Domain
0.11759006,O=C(N/N=C/c1ccc(O)c(O)c1)c1ccc(O)cc1,0.2104,Inactive,In-Domain
0.4257709,O=C([O-])c1ccc(/C=N/NC(=O)c2ccc([O-])cc2)cc1,0.2101,Inactive,Out-of-Domain
0.006082689,COc1c(-c2cc(O)c(O)c(CC=C(C)C)c2)oc2cc(O)cc(O)c2c1=O,0.2096,Inactive,In-Domain
0.966556,COc1ccc([C@@H](CC(=O)NCC(=O)[O-])NC(=O)Cc2c(C)c3ccc([O-])cc3oc2=O)cc1OC,0.2095,Inactive,In-Domain
0.025858859,CC(C)=CCc1cc([C@H]2Oc3cc(O)cc(O)c3C(=O)[C@@H]2O)cc(CC=C(C)C)c1O,0.2086,Inactive,In-Domain
0.73727244,O=S(=O)([O-])c1ccc(/N=N/c2ccc([O-])cc2F)cc1,0.2071,Inactive,Out-of-Domain
0.9740597,O=C(C[C@H]1CC[C@@H](CNC(=O)c2ccc(O)cc2F)[N@H+]1CC1CC1)NCCO,0.2054,Inactive,Out-of-Domain
0.37700498,CCCCC[C@H](O)C[C@@H](O)CCc1ccc(O)c(OC)c1,0.2048,Inactive,In-Domain
0.62335205,COc1cc(-c2cc(=O)c3c(O)c(OC)c(O)cc3o2)cc(F)c1O,0.2034,Inactive,In-Domain
0.32346264,O=C(/C=C/c1ccc([O-])c(O)c1)NC[C@H](O)c1ccc(O)cc1,0.203,Inactive,In-Domain
0.25970766,C=C(C)[C@H](CC=C(C)C)Cc1c(O)cc(O)c2c1O[C@H](c1ccc(O)cc1O)[C@@H]([O-])C2=O,0.2024,Inactive,In-Domain
0.9965072,COc1cc(C[N@@H+]2CCC[C@@H](c3cc([O-])nc(N4CCOCC4)n3)C2)cc(OC)c1O,0.2023,Inactive,Out-of-Domain
0.9033341,O=C([O-])c1ccc(OCOc2ccc(C(=O)[O-])c(C(=O)O)c2)cc1C(=O)[O-],0.2022,Inactive,In-Domain
0.017697172,CN(C[C@H]1CC[N@H+](CCO)CC1)C(=O)c1cccc([C@H]2CCC[NH2+]C2)c1,0.2021,Inactive,Out-of-Domain
0.99876803,O=C(Nc1nc(-c2ccc(O)c(O)c2)c(-c2ccccc2)s1)c1ccc([O-])c(O)c1,0.2009,Inactive,In-Domain
0.29028448,COc1cc(C[N@H+]2CCC[C@@H](c3cc(=O)nc(N4CCOCC4)[nH]3)C2)cc(OC)c1O,0.2001,Inactive,Out-of-Domain
0.84116906,COc1cc(-c2cc(-c3cc(Br)c([O-])c(OC)c3)nn2CCO)ccc1O,0.2,Inactive,In-Domain
0.9138843,COc1ccc(C(=O)N2CC[NH+](CCO)CC2)cc1Oc1ccc(CN)cc1F,0.1999,Inactive,Out-of-Domain
0.9852485,O=c1oc2c([O-])c(O)ccc2c2c(O)c(O)c(O)cc12,0.199,Inactive,In-Domain
0.71103644,[NH3+]CCc1ccc(C(=O)N[C@@H]2C[C@H]3CO[C@@H](CCO)CN3C2)cc1,0.1981,Inactive,Out-of-Domain
0.3936898,CCCCC[C@H](O)C[C@H](O)CCc1ccc(O)c(OC)c1,0.1967,Inactive,In-Domain
0.9967699,O=C1c2c(O)cc(O)c(O)c2C(=O)c2c(O)cc(O)c(O)c21,0.196,Inactive,In-Domain
0.9746806,COc1cc2c(c(O)c1C)C(=O)C[C@@H](c1ccc(O)cc1)O2,0.1954,Inactive,In-Domain
0.95780253,COc1cc(C[N@H+]2CCC[C@@H](c3cc([O-])nc(N4CCOCC4)n3)C2)cc(OC)c1O,0.1947,Inactive,Out-of-Domain
0.9975865,O=c1oc2c(O)c(O)ccc2c2c(O)c(O)c(O)cc12,0.1941,Inactive,In-Domain
0.9010445,O=C([O-])c1ccc(NC(=O)c2cc3ccc(O)cc3oc2=O)cc1,0.1935,Inactive,In-Domain
0.9849706,COc1cc(C)ccc1OCC[N@H+]1CC[C@H](O)[C@](CO)(Cc2ccccc2)C1,0.1934,Inactive,Out-of-Domain
0.06738146,COc1ccc(C(=O)N2CC[NH+](CCO)CC2)cc1Oc1ccc(C[NH3+])cc1F,0.1916,Inactive,Out-of-Domain
0.721896,O=C(NO)c1ccc(CNC(=O)c2[nH]c(-c3ccc(O)cc3)cc2-c2ccoc2)cc1,0.191,Inactive,In-Domain
0.9508951,COc1cc(CN2CCN(c3cccc(C)c3C)CC2)ccc1O,0.1908,Inactive,In-Domain
0.99105525,O=C(/C=C/c1ccc(O)cc1)c1ccc(O)c(O)c1[O-],0.1903,Inactive,In-Domain
0.9967559,COc1cc2c(c(O)c1C(=O)/C=C/c1ccc(O)cc1)C=CC(C)(C)O2,0.1901,Inactive,In-Domain
0.037391342,CC(C)=CCc1c([O-])ccc(C(=O)/C=C/c2ccc(O)cc2O)c1O,0.1896,Inactive,In-Domain
0.9953625,COc1cc(-c2cc(-c3cc(C)c(O)c(C)c3)nn2CCO)ccc1O,0.1896,Inactive,In-Domain
0.9790005,O=c1oc2c(O)c(O)ccc2c2c(O)c([O-])c(O)cc12,0.1888,Inactive,In-Domain
0.061936207,COc1c(-c2ccc(O)c(O)c2)oc2cc([O-])c(CC=C(C)C)c(O)c2c1=O,0.1888,Inactive,In-Domain
0.97473055,CCOc1cccc(C[NH+]2CCN(c3cccc(C)c3C)CC2)c1[O-],0.188,Inactive,Out-of-Domain
0.9988856,COc1c(O)cc2oc(-c3c(Cl)cc([O-])cc3Cl)cc(=O)c2c1O,0.1877,Inactive,In-Domain
0.96783495,Cc1cc(C(=O)[O-])cc(-c2ccc(O)cc2)c1,0.1871,Inactive,In-Domain
0.9908207,CC(C)(O)C#Cc1ccc(C(=O)NCC[N@H+]2CCC[C@@H](CO)C2)o1,0.1864,Inactive,Out-of-Domain
0.99937564,CC1(C)C=Cc2c(cc(O)c3c2O[C@H](c2ccc(O)cc2)[C@@H](O)C3=O)O1,0.1864,Inactive,In-Domain
0.24084102,O=c1cc(-c2ccc(O)c(O)c2)oc2cc(O)c(O)c(O)c12,0.1862,Inactive,In-Domain
0.91457,CC(C)(O)C#Cc1ccc(C(=O)NCC[N@@H+]2CCC[C@@H](CO)C2)o1,0.1853,Inactive,Out-of-Domain
0.73984694,O=c1c(-c2ccc(O)c(O)c2)coc2c(O)c([O-])ccc12,0.1846,Inactive,In-Domain
0.51825345,CC(=O)CC(=O)C[C@]1(O)Cc2c(c(O)c3c([O-])cc(O)cc3c2CC=C(C)C)C(=O)[C@H]1O,0.1842,Inactive,Out-of-Domain
0.6017882,O=c1oc2c(O)c(O)ccc2c2c(O)c(O)c([O-])cc12,0.1841,Inactive,In-Domain
0.46293816,COc1c(-c2ccc(O)c(O)c2)oc2cc(O)c(CC=C(C)C)c(O)c2c1=O,0.184,Inactive,In-Domain
0.9588214,O=c1cc(-c2ccc(O)c(O)c2)oc2cc([O-])c(O)c(O)c12,0.1834,Inactive,In-Domain
0.9928148,Cc1nc([O-])c2nsc(C(=O)Nc3ccc(N4CCC[C@@H](O)C4)cc3)c2n1,0.1833,Inactive,In-Domain
0.9823214,[NH3+]CCc1ccc(Oc2ccc(F)c(C(=O)N[C@H]3C[C@H]4C[NH2+]C[C@H]4C[C@@H]3O)c2)cc1,0.1829,Inactive,Out-of-Domain
0.030456264,O=C(c1cccc([C@H]2CCC[NH2+]C2)c1)N1CC[NH+](CCOCCO)CC1,0.1823,Inactive,Out-of-Domain
0.15360071,COc1c(-c2ccc(O)c(O)c2)oc2c(C/C=C(\C)CCC=C(C)C)c(O)cc(O)c2c1=O,0.1818,Inactive,In-Domain
0.99720806,C=CCc1cc(C[N@H+]2CCC[C@@H](c3cc([O-])nc(N4CCOCC4)n3)C2)cc(OC)c1O,0.1812,Inactive,Out-of-Domain
0.767912,CC(=O)CC(=O)C[C@]1(O)Cc2c(c(O)c3c(O)cc(O)cc3c2CC=C(C)C)C(=O)[C@H]1O,0.1812,Inactive,In-Domain
0.7449318,O=C([O-])c1cc2cc(O)c([O-])cc2c(C(=O)c2ccc(O)c(O)c2)n1,0.1806,Inactive,Out-of-Domain
0.92338336,CS/C(N/N=C/c1ccc(O)cc1O)=[NH+]\N=C\c1ccc(O)cc1O,0.1791,Inactive,In-Domain
0.8334963,Cc1cc(C[N@@H+]2CCC[C@@H](c3cc([O-])nc(N4CCOCC4)n3)C2)cc(C)c1O,0.1784,Inactive,Out-of-Domain
0.76279306,CC(=O)CC(=O)C[C@]1(O)Cc2c(c(O)c3c(O)cc(O)cc3c2CC=C(C)C)C(=O)[C@H]1O,0.1783,Inactive,In-Domain
0.6877712,COc1cc(-c2nc(CNC(=O)c3coc(C[NH3+])n3)c(C)o2)ccc1O,0.1772,Inactive,In-Domain
0.55408984,O=C([O-])c1ccc(/C=N/NC(=O)c2ccc(O)cc2)cc1,0.1762,Inactive,In-Domain
0.9950677,O=S(=O)([O-])c1ccc(-c2ccc(/C=[NH+]/c3ccc(O)cc3)o2)cc1,0.1761,Inactive,In-Domain
0.88211906,C=CCc1cc(C[N@H+]2CCC[C@H](c3cc(=O)nc(N4CCOCC4)[nH]3)C2)cc(OC)c1O,0.1756,Inactive,Out-of-Domain
0.99579406,C=CCc1cc(C[N@@H+]2CCC[C@H](c3cc([O-])nc(N4CCOCC4)n3)C2)cc(OC)c1O,0.174,Inactive,Out-of-Domain
0.014197137,Cc1cc(C[N@@H+]2CCC[C@@H](c3cc([O-])nc(N4CCOCC4)n3)C2)cc(C)c1O,0.1736,Inactive,Out-of-Domain
0.9978125,O=C(Cc1ccc(O)cc1)N[C@@H]1CCOC[C@H]1Oc1ccc(C(=O)[O-])cc1,0.1718,Inactive,Out-of-Domain
0.9989458,O=C1C[C@H](c2cccc3cccnc23)c2c(cc([O-])c3c(=O)c([O-])c(-c4ccc(O)c(O)c4)oc23)O1,0.1714,Inactive,Out-of-Domain
0.40134165,O=c1c(-c2ccc(O)c(O)c2)coc2c(O)c(O)ccc12,0.1706,Inactive,In-Domain
0.7944149,Cc1cc(C[N@H+]2CCC[C@@H](c3cc(=O)[nH]c(N4CCOCC4)n3)C2)cc(C)c1O,0.1698,Inactive,Out-of-Domain
0.9099622,Cc1c(CC(=O)NCC2(CC(=O)[O-])CCCCC2)c(=O)oc2cc(O)cc(O)c12,0.1697,Inactive,In-Domain
0.13731201,O=C(/C=C/c1ccc([O-])c(O)c1)OC(=O)/C=C/c1ccc([O-])c(O)c1,0.1689,Inactive,In-Domain
0.5351007,Cc1cccc(C[N@H+]2CCC[C@@H](c3ccn(CC(=O)[O-])n3)C2)n1,0.1688,Inactive,Out-of-Domain
0.8634379,[NH3+]CCc1ccc(C(=O)N[C@@H]2C[C@H]3CO[C@@H](CCO)C[N@H+]3C2)cc1,0.1683,Inactive,Out-of-Domain
0.9537784,CCn1c(CN2CCC(c3cccc(O)c3)CC2)nnc1[C@H]1C[C@@H]([NH3+])C1,0.1667,Inactive,In-Domain
0.45038462,Cc1cc(O)c2c(c1)Cc1cc(O)cc([O-])c1OC2=O,0.1667,Inactive,In-Domain
0.55183595,COc1cc(C[N@@H+]2CCC[C@@H](c3cc(=O)nc(N4CCOCC4)[nH]3)C2)cc(OC)c1O,0.1664,Inactive,Out-of-Domain
0.9368394,COc1cc(C[N@@H+]2CCC[C@@H](c3cc(=O)nc(N4CCCCC4)[nH]3)C2)cc(OC)c1O,0.1662,Inactive,Out-of-Domain
0.9942281,O=c1c2c([O-])cc(O)cc2oc2ccc(O)c(O)c12,0.166,Inactive,In-Domain
0.9527724,COC(=O)C1=C(N)n2c(s/c(=C/c3ccc([O-])cc3)c2=O)=C(C(=O)OC)[C@@H]1c1ccc(O)cc1,0.1657,Inactive,In-Domain
0.9559444,C=CCc1cc(C[N@@H+]2CCC[C@@H](c3cc([O-])nc(N4CCOCC4)n3)C2)cc(OC)c1O,0.1651,Inactive,Out-of-Domain
0.3225175,COc1cc2c(cc1O)-c1ccc(O)cc1OC[C@](O)(CO)C2,0.165,Inactive,In-Domain
0.8419302,Cc1cc(O)cc(O)c1C(=O)O[C@]1(C)C(=O)C2=C(C=C(/C=C/C(=O)[O-])OC2)C[C@H]1O,0.1648,Inactive,Out-of-Domain
0.47856507,O=C1/C(=C/c2ccc(O)cc2)SC(=S)N1CCc1ccc(O)cc1,0.1643,Inactive,In-Domain
0.15401492,O=C(c1ccc([C@H]2CCC[NH2+]C2)cc1)N1CC[NH+](CCOCCO)CC1,0.1641,Inactive,Out-of-Domain
0.87850493,COc1cc(C[N@@H+]2CCC[C@@H](c3cc(=O)nc(N4CCCCC4)[nH]3)C2)ccc1O,0.1641,Inactive,In-Domain
0.96468186,O=c1c(-c2ccc(O)c(O)c2)coc2c([O-])c(O)ccc12,0.1631,Inactive,In-Domain
0.37194493,CC(=O)CC(=O)C[C@]1(O)Cc2c(c(O)c3c(O)cc(O)cc3c2CC=C(C)C)C(=O)[C@H]1O,0.1631,Inactive,In-Domain
0.009098751,O=C1/C(=C/c2ccc(O)cc2)S/C(=N/N=C\c2ccc(O)cc2)N1c1ccc(O)cc1,0.1611,Inactive,In-Domain
0.99144614,COc1cc(C[N@H+]2CCC[C@@H](c3cc(=O)nc(N4CCCCC4)[nH]3)C2)ccc1O,0.1588,Inactive,In-Domain
0.9954888,COc1cc(C[N@H+]2CCC[C@@H](c3cc(=O)nc(N4CCCC4)[nH]3)C2)cc(OC)c1O,0.1585,Inactive,Out-of-Domain
0.9812713,Cc1cc(O)c(O)c2oc(=O)c3c([O-])cc(O)cc3c12,0.1576,Inactive,In-Domain
0.9819503,COc1cc(C[N@H+]2CCC[C@@H](c3cc([O-])nc(N4CCOCC4)n3)C2)ccc1O,0.157,Inactive,Out-of-Domain
0.8166029,O=S1(=O)O[C@@](c2ccc([O-])c(O)c2)(c2ccc(O)c(O)c2)c2ccccc21,0.157,Inactive,In-Domain
0.999108,C=CCc1cc(C[N@H+]2CCC[C@@H](c3cc(=O)nc(N4CCOCC4)[nH]3)C2)cc(OC)c1O,0.1567,Inactive,Out-of-Domain
0.38354865,O=C([O-])CCNC(=O)/C(=C/c1ccc([O-])cc1)NC(=O)c1ccccc1,0.1563,Inactive,Out-of-Domain
0.9954462,Oc1ccc(/C=N\Nc2nncn2/N=C\c2ccc(O)c(O)c2)cc1O,0.1553,Inactive,Out-of-Domain
0.8269098,COc1cc([C@@H]2c3c(cc(OC)c(O)c3OC)C[C@@H](CO)[C@@H]2CO)cc(OC)c1O,0.1542,Inactive,In-Domain
0.9903591,O=C([O-])CCNC(=O)c1ccc(/N=N/c2ccc(O)c(C(=O)[O-])c2)cc1,0.1537,Inactive,Out-of-Domain
0.14948323,O=c1c(O)c(-c2ccc(O)c(O)c2)oc2cc(O)c(O)c(O)c12,0.1532,Inactive,In-Domain
0.98616856,CCOc1cccc(C[NH+]2CCN(c3cccc(C)c3C)CC2)c1O,0.1531,Inactive,In-Domain
0.94046605,COc1c(-c2ccc(O)cc2)oc2cc([O-])c(CC=C(C)C)c(O)c2c1=O,0.1531,Inactive,In-Domain
0.9931953,COc1cc(O)c2c(c1)-c1cc(O)c(O)cc1COC2=O,0.1525,Inactive,In-Domain
0.99647045,COc1cc([C@H]2c3c(cc(OC)c(O)c3OC)C[C@@H](CO)[C@@H]2CO)ccc1O,0.1524,Inactive,In-Domain
0.7570018,COc1cc(C[N@@H+]2CCC[C@@H](c3cc(=O)nc(N4CCCC4)[nH]3)C2)cc(OC)c1O,0.1523,Inactive,Out-of-Domain
0.9842785,COc1cc(C[NH+]2CCN(c3cccc(C)c3C)CC2)ccc1O,0.1521,Inactive,In-Domain
0.7141357,Cc1cc(C[N@H+]2CCC[C@H](c3cc([O-])nc(N4CCOCC4)n3)C2)cc(C)c1O,0.1512,Inactive,Out-of-Domain
0.9649768,Cc1c(CC(=O)NC[C@@H](CC(=O)[O-])c2ccc(Cl)cc2)c(=O)oc2cc(O)ccc12,0.1502,Inactive,In-Domain
0.9988784,O=C([O-])c1ccc(NC(=O)c2cc3ccc([O-])cc3oc2=O)cc1,0.15,Inactive,Out-of-Domain
0.9658468,O=C(C[C@H]1CC[C@@H](CNC(=O)c2ccc([O-])cc2F)[N@H+]1CC1CC1)NCCO,0.15,Inactive,Out-of-Domain
0.9107835,Cn1c(CO)nnc1[C@H]1CC[N@H+](Cc2nnc([C@H]3C[C@@H]([NH3+])C3)n2C)CC1,0.15,Inactive,Out-of-Domain
0.6559617,Oc1ccc(/C=C/CC[C@@H](O)CCc2ccc(O)c(O)c2)cc1,0.1496,Inactive,In-Domain
0.50061613,COc1ccc(C[N@H+]2CC[C@@](O)(Cn3nc(-c4cccs4)ccc3=O)CC2)cc1O,0.1487,Inactive,Out-of-Domain
0.9990564,Oc1ccc(/C=C/c2cc(O)cc3c2[C@@H](c2cc(O)cc(O)c2)[C@H](c2ccc(O)cc2)O3)cc1,0.1486,Inactive,In-Domain
0.8022727,Cc1cc(C[N@H+]2CCC[C@@H](c3cc([O-])nc(N4CCOCC4)n3)C2)cc(C)c1O,0.1486,Inactive,Out-of-Domain
0.7101282,Cc1cc(C[N@@H+]2CCC[C@H](c3cc([O-])nc(N4CCOCC4)n3)C2)cc(C)c1O,0.1486,Inactive,Out-of-Domain
0.20934269,Cc1cc(CCCO)cc(C(C)(C)C)c1O,0.1481,Inactive,Out-of-Domain
0.6164834,O=C1/C(=C/c2ccc([O-])cc2)S/C(=N\c2ccc(O)cc2)N1c1ccc(O)cc1,0.1474,Inactive,In-Domain
0.9988908,Oc1ccc(C[C@@H]2NCCc3cc(O)c(O)cc32)cc1,0.1474,Inactive,In-Domain
0.42615876,O=c1c(O)c(-c2ccc(O)c(O)c2)oc2cc([O-])c(O)c(O)c12,0.1468,Inactive,In-Domain
0.9950316,COc1cc(C[N@@H+]2C[C@H]3CC[C@@H](C2)[C@@H]3[NH3+])ccc1OCC(=O)N1CCOCC1,0.1452,Inactive,In-Domain
0.90885323,Cn1c(CO)nnc1[C@H]1C[C@@H](NC(=O)c2ccc3[nH]c(CO)nc3c2)C1,0.1451,Inactive,In-Domain
0.0059028706,COc1cc(/C=C2\SC(=S)N(/N=C(\[O-])c3ccc(O)c(OC)c3)C2=O)ccc1O,0.1445,Inactive,In-Domain
0.99961436,OC[C@@H](Oc1ccccc1O)[C@H](O)c1ccc(O)c(O)c1,0.1442,Inactive,Out-of-Domain
0.9879446,Cc1cc(-c2ccc(C(=O)N3CC[NH+](CCO)CC3)cc2)cc(C)c1O,0.1439,Inactive,In-Domain
0.9946331,Cc1cc(O)c(O)c2oc(=O)c3c(O)cc([O-])cc3c12,0.1436,Inactive,In-Domain
0.083260745,Cc1cc(CCCC(=O)[O-])ccc1O,0.1432,Inactive,In-Domain
0.8425259,CC(C)=CCC/C(C)=C/Cc1c(O)cc2c(c1O)C(=O)[C@H]([O-])[C@@H](c1ccc(O)c(O)c1)O2,0.142,Inactive,In-Domain
0.26621753,CC[NH+](CC)C[C@H]1CCCN1C(=O)c1cc(O)cc(C(=O)[O-])c1,0.1413,Inactive,Out-of-Domain
0.6209716,O=C(/C=C/c1ccc(O)c(O)c1)O[C@H](Cc1ccc(O)c(O)c1)C(=O)[O-],0.1411,Inactive,In-Domain
0.9953661,O=c1oc2c(O)c(O)ccc2c2c([O-])c(O)c(O)cc12,0.1408,Inactive,In-Domain
0.5040959,O=C(NCc1cc2n(n1)CC[NH2+]C2)c1ccc2c(c1)[nH+]cn2CCO,0.14,Inactive,Out-of-Domain
0.866385,COc1cc(C[N@H+]2CCC[C@@H](c3cc(=O)nc(N4CCOCC4)[nH]3)C2)ccc1O,0.1395,Inactive,In-Domain
0.36741972,Cn1c(CO)nnc1C1CCN(Cc2nnc([C@H]3C[C@@H]([NH3+])C3)n2C)CC1,0.1395,Inactive,Out-of-Domain
0.98677456,Oc1cccc(-c2cs/c(=N/N=C/c3ccc(O)cc3O)n2-c2ccccc2)c1,0.1395,Inactive,In-Domain
0.6257327,Cc1cc(C[N@H+]2CCC[C@@H](c3cc([O-])nc(N4CCOCC4)n3)C2)cc(C)c1O,0.1393,Inactive,Out-of-Domain
0.9986858,Cc1nc(=O)c2nsc(C(=O)Nc3ccc([N@H+]4CCC[C@@H](O)C4)cc3)c2[nH]1,0.1392,Inactive,Out-of-Domain
0.9712375,CC(C)=CCc1cc([C@H]2Oc3cc([O-])cc(O)c3C(=O)[C@@H]2O)cc(CC=C(C)C)c1O,0.139,Inactive,In-Domain
0.4628514,COc1cc2oc(-c3ccc(O)cc3)cc(=O)c2c(O)c1O,0.1389,Inactive,In-Domain
0.8840144,O=c1c(-c2ccc(O)c(O)c2)coc2cc(O)c(O)cc12,0.1388,Inactive,In-Domain
0.06631542,CCOC(=O)[C@@H](Cc1ccc(O)c(O)c1)OC(=O)/C=C/c1ccc(O)c(O)c1,0.1379,Inactive,In-Domain
0.07403782,COc1cc(C[N@@H+]2CCC[C@@H](c3cc(=O)nc(N4CCOCC4)[nH]3)C2)ccc1O,0.1358,Inactive,In-Domain
0.9988908,Cc1c(O)cc2c(c1O)C(=O)[C@@H]([O-])[C@H](c1cc(O)c(O)c(O)c1)O2,0.1348,Inactive,In-Domain
0.99868554,Cc1c(CC(=O)NCC2(CC(=O)[O-])CCCCC2)c(=O)oc2cc(O)cc([O-])c12,0.1341,Inactive,In-Domain
0.9539856,O=C(Cc1ccc(O)cc1)N1CCC(Cn2cc(CO)nn2)CC1,0.1338,Inactive,Out-of-Domain
0.92308086,O=C(C[C@H]1CC[C@@H](CNC(=O)c2ccc([O-])cc2F)[N@@H+]1CC1CC1)NCCO,0.1335,Inactive,Out-of-Domain
0.5803508,Cn1c(CO)nnc1C1CCN(Cc2nnc([C@H]3C[C@H]([NH3+])C3)n2C)CC1,0.1329,Inactive,Out-of-Domain
0.7430513,O=C([O-])CCC(=O)Nc1cccc(C(=O)Nc2cccc(O)c2)c1,0.1326,Inactive,In-Domain
0.98171383,COc1c(-c2ccc(O)c(O)c2)oc2c(C/C=C(/C)CCC=C(C)C)c([O-])cc(O)c2c1=O,0.1323,Inactive,In-Domain
0.99148905,COc1cc(C[N@@H+]2CCC[C@@H](c3cc([O-])nc(N4CCOCC4)n3)C2)ccc1O,0.1322,Inactive,Out-of-Domain
0.98376065,CC(=O)C1=C([O-])C=C2Oc3c(C(C)=O)c([O-])c(C)c(O)c3[C@]2(C)C1=O,0.1321,Inactive,Out-of-Domain
0.9183538,O=C1/C(=C/c2ccc(O)cc2)SC(=S)N1c1ccc(O)cc1,0.1319,Inactive,In-Domain
0.16379364,O=C(/C=C/c1ccc(O)c(O)c1)O[C@H](Cc1ccc(O)c(O)c1)C(=O)[O-],0.1319,Inactive,In-Domain
0.89657485,Cc1c(O)cc2c(c1O)C(=O)[C@@H](O)[C@H](c1cc(O)c(O)c(O)c1)O2,0.1319,Inactive,In-Domain
0.9844155,O=C(N/N=C/c1ccc(O)c(O)c1)c1ccc([O-])cc1,0.1312,Inactive,Out-of-Domain
0.14911066,Cc1cccc(C[N@@H+]2CCC[C@@H](c3ccn(CC(=O)[O-])n3)C2)n1,0.1309,Inactive,Out-of-Domain
0.97186756,O=c1c(O)c(-c2ccc(O)c(O)c2)oc2cc(O)c(O)c([O-])c12,0.1307,Inactive,In-Domain
0.99885535,COc1cc(/C=N/NC(=O)c2ccc(O)cc2O)ccc1O,0.1301,Inactive,In-Domain
0.7752692,CN(C)[C@@H]1CC[C@H](CO)CN(C(=O)c2nccnc2O)C1,0.1296,Inactive,Out-of-Domain
0.9725317,CCOc1cccc(C[N@@H+]2CCC[C@@H](c3cc(=O)nc(N4CCOCC4)[nH]3)C2)c1O,0.1291,Inactive,Out-of-Domain
0.9769564,O=C(NO)c1ccc(CNC(=O)c2[nH]c(-c3ccc(O)cc3)cc2-c2ccoc2)cc1,0.1288,Inactive,In-Domain
0.7033011,CCOc1cc(C[NH2+]CCOC)ccc1O,0.1287,Inactive,In-Domain
0.9345289,COc1cc(C[N@H+]2CCC[C@@H](c3cc(=O)[nH]c(N4CCOCC4)n3)C2)cc(OC)c1O,0.1281,Inactive,Out-of-Domain
0.8919927,O=C(Nc1cccc(O)c1)c1cc(-c2ccc([O-])cc2)on1,0.1279,Inactive,In-Domain
0.9815803,O=C(c1ccc([C@H]2CCC[NH2+]C2)cc1)N1CCN(CCOCCO)CC1,0.1278,Inactive,In-Domain
0.9983919,O=C(/C=C/c1cccc(O)c1O)c1ccc(O)cc1O,0.1276,Inactive,In-Domain
0.9965211,CC(=O)CC(=O)C[C@]1(O)Cc2c(c(O)c3c(O)cc([O-])cc3c2CC=C(C)C)C(=O)[C@H]1O,0.1273,Inactive,Out-of-Domain
0.9224218,O=C(/C=C/c1ccc(O)cc1)c1ccc([O-])c(O)c1O,0.1272,Inactive,In-Domain
0.69085276,O=C1N([C@H]2CC[C@H](O)CC2)CCC[C@@]12CCC[N@@H+]2Cc1cccc(OCCO)c1,0.127,Inactive,Out-of-Domain
0.7307087,CS/C(N/N=C(\C)c1ccc(O)cc1O)=[NH+]\N=C(/C)c1ccc(O)cc1O,0.1266,Inactive,In-Domain
0.25192556,Cc1c(CC(=O)N[C@H](Cc2c[nH]c3ccc(O)cc23)C(=O)[O-])c(=O)oc2cc([O-])ccc12,0.1265,Inactive,In-Domain
0.5625881,O=S1(=O)OC(c2ccc(O)c(O)c2)(c2ccc(O)c(O)c2)c2ccccc21,0.1265,Inactive,In-Domain
0.99891806,CCOc1cccc(C[N@H+]2CCC[C@@H](c3cc(=O)nc(N4CCOCC4)[nH]3)C2)c1O,0.1258,Inactive,Out-of-Domain
0.51547587,Cc1cc(Cc2cc(C)c(O)c(C(=O)[O-])c2)cc(C(=O)[O-])c1O,0.1251,Inactive,Out-of-Domain
0.9509066,O=C([O-])c1ccc(OCOc2ccc(C(=O)[O-])c(C(=O)[O-])c2)cc1C(=O)[O-],0.1245,Inactive,Out-of-Domain
0.6729654,OC[C@@]1(Cc2ccccc2)C[N@@H+](C2CCN(c3ccc4c(c3)OCO4)CC2)CC[C@@H]1O,0.1243,Inactive,Out-of-Domain
0.55047745,O=C(Nc1ccccc1C(=O)[O-])c1cc(S(=O)(=O)Nc2ccc(O)cc2)cs1,0.1239,Inactive,In-Domain
0.91696286,Cc1nc(=O)c2nsc(C(=O)Nc3ccc(N4CCC[C@@H](O)C4)cc3)c2[nH]1,0.1237,Inactive,In-Domain
0.96375275,CC(C)=CCc1c(O)ccc(C(=O)/C=C/c2ccc(O)cc2O)c1O,0.1235,Inactive,In-Domain
0.96214575,COc1cc(C[N@@H+]2CCC[C@@H](c3cc(=O)[nH]c(N4CCOCC4)n3)C2)cc(OC)c1O,0.1226,Inactive,Out-of-Domain
0.98918915,O=C([O-])[C@@H]1C[N@@H+](Cc2cccc(OCCO)c2)CC[C@@H]1O,0.1226,Inactive,Out-of-Domain
0.9954058,COc1cc(/C=N/NC(=O)c2ccc(O)cc2[O-])ccc1O,0.1221,Inactive,In-Domain
0.09914263,COc1cc2c(c([O-])c1C(=O)/C=C/c1ccc(O)cc1)C=CC(C)(C)O2,0.1219,Inactive,In-Domain
0.34944648,CC1(C)C=Cc2c(O)ccc([C@H]3CC(=O)c4c(O)cc([O-])cc4O3)c2O1,0.1212,Inactive,In-Domain
0.9957457,O=C([O-])c1ccc(-c2ccc([O-])c[nH+]2)cc1,0.1209,Inactive,Out-of-Domain
0.37776175,Oc1cc(O)c2c(c1)O[C@H](c1ccc(O)c(O)c1)[C@H](O)C2,0.1209,Inactive,In-Domain
0.9005503,Cc1cc(C)c(COCCOCc2c(C)cc(C)c(/C=N/O)c2C)c(C)c1/C=N/O,0.1208,Inactive,Out-of-Domain
0.92574453,O=C(N[C@H]1C[C@@H](c2nnc(CO)n2C2CC2)C1)c1ccc(CO)cc1,0.1206,Inactive,In-Domain
0.7514147,O=C(/C=C/c1ccc([O-])c(O)c1)OC(=O)/C=C/c1ccc(O)c(O)c1,0.1201,Inactive,In-Domain
0.94974893,Cc1nn(CCO)cc1CN1CCC2(CC1)OCCc1cc(-c3ccc(O)cc3)sc12,0.1198,Inactive,Out-of-Domain
0.92308086,COc1cc(CN2CCC[C@@H](c3cc(=O)[nH]c(N4CCCCC4)n3)C2)cc(OC)c1O,0.1197,Inactive,In-Domain
0.83204144,OC[C@@]1(Cc2ccccc2)C[N@H+](C2CCN(c3ccc4c(c3)OCO4)CC2)CC[C@@H]1O,0.1196,Inactive,Out-of-Domain
0.86797315,Cn1c(SCC(=O)c2sc3ccccc3c2[O-])nnc1-c1ccc(O)cc1,0.1192,Inactive,In-Domain
0.35269603,O=C(NCc1cc2n(n1)CCNC2)c1ccc2c(c1)ncn2CCO,0.1187,Inactive,In-Domain
0.65196407,C=CCc1cc(C[N@@H+]2CCC[C@H](c3cc(=O)nc(N4CCOCC4)[nH]3)C2)cc(OC)c1O,0.1177,Inactive,Out-of-Domain
0.9946622,Cc1cc([O-])cc(O)c1C(=O)O[C@]1(C)C(=O)C2=C(C=C(/C=C/C(=O)[O-])OC2)C[C@H]1O,0.1169,Inactive,Out-of-Domain
0.9975942,CC(=O)CC(=O)C[C@]1(O)Cc2c(c(O)c3c(O)cc([O-])cc3c2CC=C(C)C)C(=O)[C@H]1O,0.1169,Inactive,Out-of-Domain
0.9866136,COc1cc(/C=C2\SC(Nc3ccc(O)cc3)=NC2=O)ccc1O,0.1169,Inactive,In-Domain
0.63242227,O=C([O-])c1ccc(-c2ccc(O)cc2)nc1,0.1167,Inactive,In-Domain
0.9089388,Cc1c(O)c([O-])c(O)c2oc3cc([O-])cc(O)c3c(=O)c12,0.1165,Inactive,In-Domain
0.99833137,O=C1C[C@@H](c2ccc(O)cc2O)Oc2cc(O)cc(O)c21,0.1163,Inactive,In-Domain
0.255199,CC(=O)c1c(O)cc(O)cc1C[C@@H]1Cc2cc([O-])cc(O)c2C(=O)O1,0.1163,Inactive,In-Domain
0.99926835,O=C(/C=C/c1cccc(O)c1O)c1ccc([O-])cc1O,0.1158,Inactive,In-Domain
0.9936466,O=S1(=O)O[C@](c2ccc([O-])c(O)c2)(c2ccc(O)c(O)c2)c2ccccc21,0.1153,Inactive,In-Domain
0.5886086,CCOc1cccc(C[N@@H+]2CCC[C@@H](c3cc([O-])nc(N4CCOCC4)n3)C2)c1O,0.1153,Inactive,Out-of-Domain
0.049160823,C=CCc1cc(C[N@H+]2CCC[C@H](c3cc([O-])nc(N4CCOCC4)n3)C2)cc(OC)c1O,0.1151,Inactive,Out-of-Domain
0.950145,C/C(Cc1oc2ccc(O)cc2c1[N+](=O)[O-])=[NH+]/CCCC(=O)[O-],0.1147,Inactive,In-Domain
0.96562964,C=CCc1cc(C[N@@H+]2CCC[C@@H](c3cc(=O)nc(N4CCOCC4)[nH]3)C2)cc(OC)c1O,0.1147,Inactive,Out-of-Domain
0.9899038,O=C([O-])c1ccc(OCOc2ccc(C(=O)O)c(C(=O)[O-])c2)cc1C(=O)[O-],0.1146,Inactive,In-Domain
0.9849332,O=C(/C=C/c1ccc(O)cc1)c1ccc([O-])c(O)c1O,0.1146,Inactive,In-Domain
0.9525506,O=C([O-])c1cc2cc([O-])c(O)cc2c(C(=O)c2ccc(O)c(O)c2)n1,0.1138,Inactive,Out-of-Domain
0.9406048,O=C([O-])/C=C/c1ccc(O)c2c1[C@H](C(=O)[O-])[C@@H](c1ccc(O)c(O)c1)O2,0.1135,Inactive,Out-of-Domain
0.56182784,CS/C(N/N=C(\C)c1ccc(O)cc1[O-])=[NH+]\N=C(/C)c1ccc(O)cc1O,0.1131,Inactive,In-Domain
0.99035317,CS/C(N/N=C(\C)c1ccc(O)cc1[O-])=[NH+]\N=C(/C)c1ccc(O)cc1O,0.1126,Inactive,In-Domain
0.9576285,COc1ccc2c(c1)c1c3n2CC[NH2+][C@@H]3CCC1,0.1125,Inactive,Out-of-Domain
0.9936394,CCOc1cccc(C[N@H+]2CCC[C@@H](c3cc([O-])nc(N4CCOCC4)n3)C2)c1O,0.1125,Inactive,Out-of-Domain
0.034909327,C[C@@](Cc1cc(O)c(O)cc1Br)([NH2+]N)C(=O)[O-],0.1125,Inactive,Out-of-Domain
0.6119718,CS/C(N/N=C\c1ccc(O)cc1O)=[NH+]/N=C/c1ccc(O)cc1O,0.1122,Inactive,In-Domain
0.915761,COc1cc(C[N@H+]2C[C@H]3CC[C@@H](C2)[C@@H]3[NH3+])ccc1OCC(=O)N1CCOCC1,0.1116,Inactive,In-Domain
0.98422074,O=C([O-])c1ccc(Sc2ccc(O)cc2)c([N+](=O)[O-])c1,0.1114,Inactive,In-Domain
0.9637441,CCn1c(C[N@H+]2CC[C@H](c3cccc(O)c3)CC2)nnc1[C@H]1C[C@@H]([NH3+])C1,0.1114,Inactive,In-Domain
0.9865361,CC(=O)c1c([O-])cc(O)cc1C[C@@H]1Cc2cc(O)cc(O)c2C(=O)O1,0.1113,Inactive,In-Domain
0.5560673,CC(=O)c1c(O)cc([O-])cc1C[C@@H]1Cc2cc(O)cc(O)c2C(=O)O1,0.1112,Inactive,In-Domain
0.6520818,O=C1C[C@H](c2ccc(O)c(O)c2)Oc2cc(O)c(O)c([O-])c21,0.111,Inactive,In-Domain
0.28381795,O=C(CCc1cc([O-])no1)N[C@H]1C[C@H](c2nnc(CO)n2C2CC2)C1,0.1099,Inactive,Out-of-Domain
0.98953325,CCOC(=O)[C@@H](Cc1ccc(O)c(O)c1)OC(=O)/C=C/c1ccc(O)c(O)c1,0.1096,Inactive,In-Domain
0.18236312,CC(=O)C1=C([O-])C=C2Oc3c(C(C)=O)c(O)c(C)c([O-])c3[C@]2(C)C1=O,0.1094,Inactive,Out-of-Domain
0.026930662,Cc1c(O)c([O-])c(O)c2oc3cc(O)cc(O)c3c(=O)c12,0.1091,Inactive,In-Domain
0.93899107,O=C(N[C@H]1CC[C@H](C(=O)[O-])CC1)c1ccc(-c2ccc(O)cc2)cc1,0.1087,Inactive,In-Domain
0.66106784,CS/C(N/N=C(\C)c1ccc(O)cc1O)=[NH+]\N=C(/C)c1ccc(O)cc1O,0.1083,Inactive,In-Domain
0.98323995,O=C(NCCOCCO)c1cc(-c2ccc(O)cc2)n[nH]1,0.1075,Inactive,In-Domain
0.35287517,CC(C)=CCc1cc([C@@H]2CC(=O)c3c(O)cc([O-])cc3O2)cc(O)c1O,0.1075,Inactive,In-Domain
0.882011,CCOC(=O)[C@@H](Cc1ccc(O)c(O)c1)OC(=O)/C=C/c1ccc(O)c(O)c1,0.1074,Inactive,In-Domain
0.9662679,COc1ccc(C(=O)NCCOCCO)cc1Oc1cc(F)cc(CN)c1,0.1069,Inactive,Out-of-Domain
0.99934524,C=C(C)[C@H](CC=C(C)C)Cc1c(O)cc(O)c2c1O[C@H](c1ccc(O)cc1O)[C@@H]([O-])C2=O,0.1067,Inactive,In-Domain
0.8864463,Cc1cc([C@@H]2CCC[NH2+]C2)oc(=O)c1C(=O)NCC[N@H+]1CC[C@@H](CO)CC1,0.1066,Inactive,Out-of-Domain
0.93056244,[O-]c1c(Cc2ccc(O)cc2)ccc(O)c1O,0.1064,Inactive,In-Domain
0.36761475,COc1c([O-])cc2oc(-c3c(Cl)cc(O)cc3Cl)cc(=O)c2c1O,0.1063,Inactive,In-Domain
0.09303036,COc1cc(CN2CCC[C@@H](c3cc(=O)[nH]c(N4CCCC4)n3)C2)cc(OC)c1O,0.1063,Inactive,In-Domain
0.99720806,CS/C(N/N=C/c1ccc(O)cc1[O-])=[NH+]\N=C\c1ccc(O)cc1O,0.1051,Inactive,Out-of-Domain
0.9587167,COc1cc(C[N@@H+]2CCC[C@@H](c3cc(=O)[nH]c(N4CCCCC4)n3)C2)ccc1O,0.105,Inactive,In-Domain
0.89542633,COc1cc(C[N@H+]2CCC[C@@H](c3cc(=O)[nH]c(N4CCCCC4)n3)C2)ccc1O,0.105,Inactive,In-Domain
0.99690825,Cc1c(CC(=O)NCC2(CC(=O)[O-])CCCCC2)c(=O)oc2cc([O-])cc(O)c12,0.1047,Inactive,Out-of-Domain
0.4960812,CS/C(=N/N=C(\C)c1ccc(O)cc1O)N/N=C(\C)c1ccc(O)cc1O,0.1039,Inactive,In-Domain
0.9746951,Cc1cc([O-])c2c(c1)Cc1cc(O)cc(O)c1OC2=O,0.1034,Inactive,In-Domain
0.48246288,O=C(Nc1ccccc1C(=O)[O-])c1cc(S(=O)(=O)Nc2ccc([O-])cc2)cs1,0.1027,Inactive,In-Domain
0.3876149,CN(CCO)c1ccc(C(=O)N2CCC[C@@H](c3nnc(CO)n3C)C2)cc1,0.1026,Inactive,Out-of-Domain
0.97967714,COc1ccc(C(=O)N2CCN(CCO)CC2)cc1Oc1ccc(C[NH3+])cc1F,0.1018,Inactive,In-Domain
0.9807515,OCCn1ccc([C@@H]2CCC[N@H+](C3CSCCSC3)C2)n1,0.1017,Inactive,Out-of-Domain
0.835149,O=C([O-])c1cc(-c2ccc(/N=N/c3ccc(O)c4ccccc34)cc2)nc2ccccc12,0.1015,Inactive,In-Domain
0.88321424,COc1cc2c(cc1O)[C@H](Cc1ccc(O)cc1)NCC2,0.1009,Inactive,In-Domain
0.9154332,[H]/N=c1/ccn([C@@H]2O[C@H](CO)[C@H](O)[C@H]2O)c(=O)n1C,0.1006,Inactive,Out-of-Domain
0.97448677,O=C([O-])C[C@H]1CCc2cc(O)ccc21,0.0995,Inactive,In-Domain
0.2006972,CC[C@@H](C)[C@H](NC(=O)CNC(=O)CCc1c(C)c2ccc(O)cc2oc1=O)C(=O)[O-],0.0995,Inactive,In-Domain
0.9980301,O=C(CCc1ccc(O)cc1)C[C@@H](O)CCc1ccc(O)cc1,0.0995,Inactive,In-Domain
0.82437146,[O-]c1ccc(Cc2ccc(O)c(O)c2O)cc1,0.0992,Inactive,In-Domain
0.23056683,O=C([O-])C[C@@]12C[C@H]3C[C@@H](C1)C[C@](n1ncc(Nc4cccc(O)c4)c(Cl)c1=O)(C3)C2,0.0978,Inactive,Out-of-Domain
0.92508525,CC1(C)C=Cc2c(cc(O)c3c2O[C@H](c2ccc(O)cc2)[C@@H]([O-])C3=O)O1,0.0976,Inactive,In-Domain
0.097318575,O=C([O-])[C@@H]1C[N@H+](Cc2cccc(OCCO)c2)CC[C@@H]1O,0.0969,Inactive,Out-of-Domain
0.99990714,Cc1c(CC(=O)NC[C@@H](CC(=O)[O-])c2ccc(Cl)cc2)c(=O)oc2cc([O-])ccc12,0.0969,Inactive,Out-of-Domain
0.40367126,O=C1c2ccc(O)cc2O[C@H](c2cc(O)c(O)c(O)c2)[C@H]1O,0.0963,Inactive,In-Domain
0.9844209,Oc1ccc2c(c1)OCCOCCOc1ccc(O)cc1OCCO2,0.096,Inactive,In-Domain
0.22177553,O=C(NC[C@H]1CC[C@H](CO)CC1)N1CC[NH+](Cc2ccccc2CO)CC1,0.0955,Inactive,Out-of-Domain
0.8992939,CC(=O)CC(=O)C[C@]1(O)Cc2c(c(O)c3c(O)cc([O-])cc3c2CC=C(C)C)C(=O)[C@H]1O,0.0945,Inactive,Out-of-Domain
0.98442656,Oc1ccc(CCCc2ccc(O)cc2O)cc1,0.0943,Inactive,In-Domain
0.004664556,COc1cc2c(cc1O)[C@@H](Cc1ccc(O)cc1)N(C)CC2,0.0941,Inactive,In-Domain
0.906886,COC(=O)[C@@H](Cc1ccc(O)c(O)c1)OC(=O)/C=C/c1ccc(O)c(O)c1,0.094,Inactive,In-Domain
0.0646716,COC(=O)c1c(C)c2c(c(C)c1[O-])OC(=O)c1c(C)c(Cl)c([O-])c(Cl)c1O2,0.0932,Inactive,Out-of-Domain
0.92309,O=C1/C(=C/c2ccc([O-])cc2)S/C(=N/N=C\c2ccc(O)cc2)N1c1ccc(O)cc1,0.0923,Inactive,In-Domain
0.98353046,O=C(CCc1ccc(O)cc1O)c1ccc(O)cc1,0.0921,Inactive,In-Domain
0.79413724,COc1cc(-c2cc(=O)c3c(O)c(OC)c([O-])cc3o2)cc(F)c1O,0.092,Inactive,In-Domain
0.6742103,Cn1c(-c2c(-c3ccc(O)cc3O)n[nH]c2CCCC(=O)[O-])nc2ccccc21,0.0916,Inactive,In-Domain
0.9690819,[H]/N=c1/ccn([C@@H]2O[C@H](CO)[C@H](O)[C@H]2O)c(=O)n1C,0.0916,Inactive,Out-of-Domain
0.83902013,CCOc1cccc(CN2CCN(c3cccc(C)c3C)CC2)c1O,0.0911,Inactive,In-Domain
0.37776175,Oc1ccc2c(c1)CN1CC[C@@H](O)C1=[NH+]2,0.0909,Inactive,In-Domain
0.9981406,CCN(C[C@H](O)c1cccc(O)c1)C(=O)c1cc(-c2ccc(O)cc2)n[nH]1,0.0906,Inactive,In-Domain
0.8685474,O=c1c2c(O)cc([O-])cc2oc2ccc(O)c(O)c12,0.0905,Inactive,In-Domain
0.9800796,Nc1cc(-c2nnn(CCCC(=O)[O-])n2)ccc1O,0.0905,Inactive,Out-of-Domain
0.9797734,CC(C)(C)[NH2+]C[C@H](O)c1ccc(O)c(CO)c1,0.0899,Inactive,Out-of-Domain
0.8564422,Cc1cc(-c2ccc(OCCO)cc2)nc2ccc(CCO)cc12,0.0894,Inactive,In-Domain
0.9972037,C=C(C)[C@H](CC=C(C)C)Cc1c(O)cc(O)c2c(=O)c(O)c(-c3ccc(O)cc3[O-])oc12,0.0892,Inactive,In-Domain
0.37803414,COc1cc(CN2CC[NH+](c3cccc(C)c3C)CC2)ccc1O,0.089,Inactive,In-Domain
0.880969,O=C([O-])C[C@H]1CCc2cc(O)ccc21,0.0888,Inactive,In-Domain
0.98987144,CS/C(N/N=C/c1ccc(O)cc1O)=[NH+]/N=C/c1ccc(O)cc1O,0.0884,Inactive,In-Domain
0.1646421,CS/C(N/N=C/c1ccc(O)cc1[O-])=[NH+]\N=C/c1ccc(O)cc1O,0.0865,Inactive,Out-of-Domain
0.867358,[O-]c1ccc(Cc2ccc(O)cc2)c(O)c1O,0.0864,Inactive,In-Domain
0.5071394,O=C1N([C@H]2CC[C@H](O)CC2)CCC[C@@]12CCC[N@H+]2Cc1cccc(OCCO)c1,0.086,Inactive,Out-of-Domain
0.09284513,COc1cc(CC[C@@H](O)C[C@@H](O)CCc2ccc(O)cc2)cc(OC)c1O,0.0857,Inactive,In-Domain
0.9675261,Cn1c(SCC(=O)[O-])nnc1-c1ccc(O)cc1,0.0852,Inactive,In-Domain
0.99378043,Cn1c(=O)[nH]c(=O)c2c1nc(N/N=C/c1ccc(O)cc1)n2CCOc1ccccc1,0.0852,Inactive,In-Domain
0.9695137,CS/C(N/N=C/c1ccc(O)cc1O)=[NH+]\N=C/c1ccc(O)cc1O,0.0851,Inactive,In-Domain
0.9884829,CC1(C)C=Cc2c(O)ccc([C@@H]3CC(=O)c4c(O)cc([O-])cc4O3)c2O1,0.085,Inactive,In-Domain
0.9881749,Cc1c(CCC(=O)NCC(=O)N[C@H](C(=O)[O-])C(C)C)c(=O)oc2cc(O)ccc12,0.0843,Inactive,In-Domain
0.996093,CCOc1cc(CNCCOC)ccc1O,0.0838,Inactive,In-Domain
0.7220207,COc1cc([C@@H](O)[C@H](O)CO)cc(OC)c1O,0.0837,Inactive,In-Domain
0.09596185,OCCn1ccc([C@@H]2CCCN(Cc3cccc4nonc34)C2)n1,0.0835,Inactive,Out-of-Domain
0.0048163533,O=c1c(-c2ccc(O)c(O)c2)coc2cc([O-])c(O)cc12,0.0834,Inactive,In-Domain
0.27534145,C=CC(C)(C)c1c(O)cc(O)c2c(=O)c(O)c(-c3ccc(O)cc3)oc12,0.0831,Inactive,In-Domain
0.9649142,Cn1c(CO)nnc1[C@H]1C[C@@H](Nc2nc(N3CCC(O)CC3)cc[nH+]2)C1,0.0829,Inactive,Out-of-Domain
0.8617188,CC(=O)C1=C(O)C=C2Oc3c(C(C)=O)c(O)c(C)c(O)c3[C@]2(C)C1=O,0.0825,Inactive,Out-of-Domain
0.39307484,CS/C(N/N=C\c1ccc(O)cc1[O-])=[NH+]/N=C/c1ccc(O)cc1O,0.0822,Inactive,Out-of-Domain
0.0056351256,CO[C@@]12CC([O-])=C(C(C)=O)C(=O)[C@]1(C)c1c([O-])c(C)c(O)c(C(C)=O)c1O2,0.0821,Inactive,Out-of-Domain
0.9684198,O=C(CCc1cc2n(n1)CCC[N@@H+](Cc1cccc(O)c1)C2)NCCO,0.0815,Inactive,Out-of-Domain
0.9813101,COc1cc(/C=N/N=C/c2cc(OC)c(O)c(OC)c2)cc(OC)c1O,0.0811,Inactive,In-Domain
0.99163014,COc1cc(/C=N/N=C/c2cc(OC)c(O)c(OC)c2)cc(OC)c1O,0.0811,Inactive,In-Domain
0.40472355,O=C1c2c(O)cc([O-])c(O)c2C(=O)c2c(O)cc([O-])c(O)c21,0.0807,Inactive,In-Domain
0.6826006,OCCNc1cc(NCC[N@H+]2CCC[C@@H](CO)C2)nc[nH+]1,0.0806,Inactive,Out-of-Domain
0.9813865,O=C(NC[C@H]1CC[C@H](CO)CC1)N1CCN(Cc2ccccc2CO)CC1,0.0806,Inactive,Out-of-Domain
0.9956571,O=C([O-])c1ccc(-c2ccc(O)cc2)cn1,0.0805,Inactive,In-Domain
0.8870868,O=C1c2ccc(O)cc2O[C@H](c2cc([O-])c(O)c(O)c2)[C@H]1O,0.0802,Inactive,In-Domain
0.99955016,Cc1c(O)c(O)c(O)c2oc3cc(O)cc([O-])c3c(=O)c12,0.08,Inactive,In-Domain
0.9712375,O=C1C[C@H](c2ccc(O)c(O)c2)Oc2cc(O)c(O)c(O)c21,0.0793,Inactive,In-Domain
0.0052888845,CCOc1cccc(C[N@@H+]2CCC[C@@H](c3cc([O-])nc(-c4ccccn4)n3)C2)c1O,0.0788,Inactive,Out-of-Domain
0.26283538,CCn1c(C[NH+]2CCN(Cc3cccc(O)c3)CC2)nnc1[C@H]1C[C@@H]([NH3+])C1,0.0788,Inactive,Out-of-Domain
0.84777266,O=C(/C=C/c1ccc(O)c(O)c1)OC(=O)/C=C/c1ccc(O)c(O)c1,0.0787,Inactive,In-Domain
0.837768,CC(=O)C1=C(O)C=C2Oc3c(C(C)=O)c(O)c(C)c([O-])c3[C@]2(C)C1=O,0.0784,Inactive,Out-of-Domain
0.9990048,CO[C@@]12CC(O)=C(C(C)=O)C(=O)[C@]1(C)c1c(O)c(C)c(O)c(C(C)=O)c1O2,0.0779,Inactive,Out-of-Domain
0.784242,O=C([O-])c1cc2cc([O-])c(O)cc2c(C(=O)c2ccc([O-])c(O)c2)n1,0.0776,Inactive,Out-of-Domain
0.96768355,COc1cc(O)cc2c1-c1c([O-])cc(O)cc1C2=O,0.0775,Inactive,In-Domain
0.033638887,[H]/N=C1/NC(=O)/C(=C\c2ccc(O)c(O)c2)S1,0.0768,Inactive,Out-of-Domain
0.21201499,COc1c(OC)c(O)c2c(=O)c(OC)c(-c3ccc(O)cc3)oc2c1OC,0.076,Inactive,In-Domain
0.6578504,Cc1cc(=O)oc2cc(NC(=O)[C@H](C)[NH3+])ccc12,0.076,Inactive,In-Domain
0.9063554,O=C(/C=C/c1ccc(O)c(O)c1)O[C@H](Cc1ccc(O)c(O)c1)C(=O)[O-],0.0759,Inactive,In-Domain
0.9518818,COc1cc(CC[C@@H](O)C[C@H](O)CCc2ccc(O)c(O)c2)ccc1O,0.0758,Inactive,In-Domain
0.9795288,Cc1c(O)c(O)c(O)c2oc3cc(O)cc(O)c3c(=O)c12,0.0755,Inactive,In-Domain
0.97609055,COc1cc(/C([O-])=N/N2C(=O)/C(=C/c3ccc(O)c(OC)c3)SC2=S)ccc1[O-],0.0752,Inactive,In-Domain
0.09585077,O=C(NCC[NH+]1CCCC1)c1cccc(-c2ccc3[nH]c(CO)nc3c2)c1,0.0751,Inactive,In-Domain
0.43183854,O=C(NCc1cc2n(n1)CC[NH2+]C2)c1ccc2c(c1)ncn2CCO,0.0748,Inactive,In-Domain
0.5832495,COc1cc([O-])c2c(c1)-c1cc(O)c(O)cc1COC2=O,0.0748,Inactive,In-Domain
0.99565613,O=C(NCC[NH+]1CCCC1)c1cccc(-c2ccc3[nH]c(CO)[nH+]c3c2)c1,0.0745,Inactive,Out-of-Domain
0.9995902,Cc1c(O)c(O)c(O)c2oc3cc([O-])cc(O)c3c(=O)c12,0.0743,Inactive,In-Domain
0.973596,O=C([O-])C[C@H]1CCc2cc(O)ccc21,0.0743,Inactive,In-Domain
0.9644291,CC(=O)C1=C(O)C=C2Oc3c(C(C)=O)c([O-])c(C)c(O)c3[C@]2(C)C1=O,0.0741,Inactive,Out-of-Domain
0.010153154,O=C(N[C@H]1CC[C@@H](C(=O)[O-])CC1)c1ccc(-c2ccc(O)cc2)cc1,0.0724,Inactive,In-Domain
0.9855612,Oc1ccc(CCCC[NH2+]C[C@H](O)c2ccc(O)c(O)c2)cc1,0.0718,Inactive,In-Domain
0.63303936,COc1cc(C[N@H+]2CCC[C@@H](c3cc(=O)[nH]c(N4CCCCC4)n3)C2)cc(OC)c1O,0.0715,Inactive,Out-of-Domain
0.39593947,OCc1nc2cc(Cc3ccc4[nH+]c(CO)[nH]c4c3)ccc2[nH]1,0.0711,Inactive,Out-of-Domain
0.97268564,O=C(CCc1cc([O-])no1)N1CCCC[C@@H]1CCc1ccc(O)cc1,0.0708,Inactive,In-Domain
0.94151014,O=C([O-])Cc1s/c(=N/N=C/c2ccc(O)cc2[O-])[nH]c1-c1ccccc1,0.0706,Inactive,In-Domain
0.9442401,Cc1cc(O)c2c3c1C(=O)[C@@H]1c4c(c(O)c5c6c(c([O-])cc(C)c46)C(=O)O5)[C@@]3(COC2=O)[C@H]1O,0.0706,Inactive,Out-of-Domain
0.9567799,O=C(/C=C/c1ccc(O)c(O)c1)O[C@H](Cc1ccc(O)c(O)c1)C(=O)[O-],0.0702,Inactive,In-Domain
0.7075153,Cc1nc(=O)cc([C@H]2C[N@H+](CC3(O)CCOCC3)CCO2)[nH]1,0.0702,Inactive,Out-of-Domain
0.9636365,Cc1cc(O)c2c3c1C(=O)[C@@H]1c4c(c(O)c5c6c(c(O)cc(C)c46)C(=O)O5)[C@@]3(COC2=O)[C@H]1O,0.0691,Inactive,Out-of-Domain
0.9984295,Oc1ccc(Oc2cccc(O)c2)cc1,0.069,Inactive,In-Domain
0.96469295,Cn1[nH]c([C@H]2CCCCN2C(=O)CCC(=O)[O-])cc1=O,0.0684,Inactive,Out-of-Domain
0.9942662,c1cnc2cc3c(cc2n1)[C@@H]1C[NH2+]C[C@H]3C1,0.0679,Inactive,Out-of-Domain
0.8135978,[NH3+]CCc1ccc(Oc2ccc(F)c(C(=O)N[C@@H]3CC[NH2+]C[C@H]3O)c2)cc1,0.0675,Inactive,Out-of-Domain
0.9138843,CCOc1cc([C@H]2CC(=O)Nc3c2c(C)nn3-c2ccc([O-])nn2)ccc1O,0.0671,Inactive,In-Domain
0.9989932,CC(C)c1cc(Cc2cc(C(=O)[O-])c(O)c(C(C)C)c2)cc(C(=O)[O-])c1O,0.0668,Inactive,Out-of-Domain
0.88630676,CS/C(N/N=C(\C)c1ccc(O)cc1[O-])=[NH+]/N=C(\C)c1ccc(O)cc1O,0.0666,Inactive,In-Domain
0.003945244,Cc1nc([C@H]2C[N@@H+](CC3(O)CCOCC3)CCO2)cc(=O)[nH]1,0.0665,Inactive,Out-of-Domain
0.9769334,COc1cc(/C=N/NC(=O)c2ccc([O-])cc2O)ccc1O,0.0664,Inactive,In-Domain
0.7819994,O=C([O-])c1cccc(-c2ccc(O)cc2OC(F)(F)F)c1,0.0661,Inactive,In-Domain
0.0542222,COc1c(-c2ccc(O)c(O)c2)oc2c(C/C=C(\C)CCC=C(C)C)c([O-])cc(O)c2c1=O,0.066,Inactive,In-Domain
0.9288385,Oc1ccc(Cc2ccc(O)c(O)c2O)cc1,0.0659,Inactive,In-Domain
0.920128,CS/C(=N\N=C(/C)c1ccc(O)cc1O)N/N=C(\C)c1ccc(O)cc1O,0.0654,Inactive,In-Domain
0.9211144,O=C1C[C@H](c2ccc(O)cc2)Oc2cc(O)cc(O)c21,0.0652,Inactive,In-Domain
0.9995584,O=C1C[C@H](c2ccc(O)cc2)Oc2cc(O)cc(O)c21,0.0652,Inactive,In-Domain
0.81283456,Cc1c(CC(=O)NCC(=O)NCC(=O)[O-])c(=O)oc2c(O)c([O-])ccc12,0.0651,Inactive,In-Domain
0.36436388,O=C1S/C(=C\c2ccc(O)cc2)C(=O)N1c1ccc(O)cc1,0.065,Inactive,In-Domain
0.8543845,Cn1c(CC[NH3+])nnc1SCc1nc(C(N)=O)no1,0.065,Inactive,Out-of-Domain
0.9951875,COCC[NH2+]Cc1c[nH]c2ccc(OC)cc12,0.0646,Inactive,Out-of-Domain
0.6412522,O=C(NCC[NH+]1CCCC1)c1cccc(-c2ccc3nc(CO)[nH]c3c2)c1,0.0646,Inactive,In-Domain
0.9069412,Cc1c(O)cc2c(c1O)C(=O)[C@H](O)[C@@H](c1cc(O)c(O)c(O)c1)O2,0.0645,Inactive,In-Domain
0.9998368,CN(CCO)c1ccc(C(=O)NC[C@H]2CC[C@H](CO)CC2)cc1,0.0645,Inactive,In-Domain
0.9745598,CS/C(N/N=C/c1ccc(O)cc1[O-])=[NH+]/N=C/c1ccc(O)cc1O,0.0644,Inactive,Out-of-Domain
0.33689687,COc1cc(-c2ccc(O)cc2)ccc1C(=O)[O-],0.0638,Inactive,In-Domain
0.5832495,Cc1cc([C@@H]2CCC[NH2+]C2)oc(=O)c1C(=O)Nc1cccc(C[N@H+](C)CCO)c1,0.0638,Inactive,Out-of-Domain
0.30563232,Cc1cc(O[C@@H]2O[C@H](CO)[C@@H](O)[C@H](O)[C@H]2O)c(C(C)C)cc1O,0.0634,Inactive,In-Domain
0.5640294,CCOc1cccc(C[N@H+]2CCC[C@@H](c3cc([O-])nc(-c4ccccn4)n3)C2)c1O,0.0633,Inactive,Out-of-Domain
0.9616933,Cn1c(CO)nnc1[C@@H]1CCCN(C(=O)/C=C/c2cc(CO)cs2)C1,0.063,Inactive,Out-of-Domain
0.98652875,Cc1cc(-c2ccc(OCCO)cc2)[nH+]c2ccc(CCO)cc12,0.0629,Inactive,Out-of-Domain
0.25641084,CCn1c(CN2CCN(Cc3cccc(O)c3)CC2)nnc1[C@H]1C[C@@H]([NH3+])C1,0.0628,Inactive,In-Domain
0.1906852,Oc1ccc(CC[C@@H](O)C[C@H](O)CCc2ccc(O)c(O)c2)cc1,0.0624,Inactive,In-Domain
0.85247904,COc1cc2c(cc1O)[C@@H](Cc1ccc(O)cc1)NCC2,0.0622,Inactive,In-Domain
0.05243109,OCc1nc2cc(Cc3ccc4[nH]c(CO)nc4c3)ccc2[nH]1,0.0621,Inactive,Out-of-Domain
0.4148673,CCOc1cccc(C[N@@H+]2CCC[C@@H](c3cc(=O)[nH]c(-c4ccccn4)n3)C2)c1O,0.0618,Inactive,Out-of-Domain
0.95974404,CC(=O)C1=C([O-])C=C2Oc3c(C(C)=O)c(O)c(C)c(O)c3[C@]2(C)C1=O,0.0614,Inactive,Out-of-Domain
0.98777837,OCCn1ccc([C@@H]2CCC[N@H+](Cc3cccc4nonc34)C2)n1,0.0611,Inactive,Out-of-Domain
0.39378777,Cc1nc(=O)cc([C@H]2C[N@@H+](CC3(O)CCOCC3)CCO2)[nH]1,0.061,Inactive,Out-of-Domain
0.91099155,COc1cc2c(cc1O)[C@@H](Cc1ccc(O)cc1)[N@H+](C)CC2,0.0608,Inactive,In-Domain
0.9959837,CS/C(N/N=C(\C)c1ccc(O)cc1O)=[NH+]/N=C(\C)c1ccc(O)cc1O,0.0607,Inactive,In-Domain
0.06357763,COc1cc(C[N@@H+]2CCC[C@@H](c3cc(=O)[nH]c(N4CCCCC4)n3)C2)cc(OC)c1O,0.0607,Inactive,Out-of-Domain
0.9636365,O=C([O-])c1ccc(-c2ccc(O)cc2OC(F)(F)F)cc1,0.0602,Inactive,In-Domain
0.8387068,CCOc1cccc(C[N@H+]2CCC[C@@H](c3cc(=O)[nH]c(-c4ccccn4)n3)C2)c1O,0.0601,Inactive,Out-of-Domain
0.99303186,CS/C(=N/N=C/c1ccc(O)cc1O)N/N=C\c1ccc(O)cc1[O-],0.0597,Inactive,In-Domain
0.9917892,O=C(/C=C/c1ccc(O)c(O)c1)NC[C@H](O)c1ccc(O)cc1,0.0595,Inactive,In-Domain
0.08854352,O=C1C[C@@H](c2ccc(O)cc2O)Oc2cc([O-])cc(O)c21,0.0595,Inactive,In-Domain
0.9558361,Oc1ccc([C@@H]2Oc3cc(O)cc(O)c3C[C@H]2O)cc1,0.0594,Inactive,In-Domain
0.50057787,Cc1nc([C@H]2CN(CC3(O)CCOCC3)CCO2)cc(=O)[nH]1,0.0591,Inactive,Out-of-Domain
0.99880576,O=C([O-])c1cc2cc(O)c(O)cc2c(C(=O)c2ccc([O-])c(O)c2)n1,0.0589,Inactive,Out-of-Domain
0.8890019,CS/C(=N\N=C(/C)c1ccc(O)cc1O)N/N=C(\C)c1ccc(O)cc1O,0.0588,Inactive,In-Domain
0.96250254,C/C(=N/O)C(Cc1ccc(O)cc1)/C(C)=N\O,0.0588,Inactive,In-Domain
0.93211716,CO[C@@]12CC([O-])=C(C(C)=O)C(=O)[C@@]1(C)c1c(O)c(C)c([O-])c(C(C)=O)c1O2,0.0586,Inactive,Out-of-Domain
0.96959877,CCn1c(CN2CC[NH+](Cc3cccc(O)c3)CC2)nnc1[C@H]1C[C@@H]([NH3+])C1,0.0584,Inactive,Out-of-Domain
0.8999575,COc1cc(/C=C2\SC(N(C)c3ccc(O)cc3)=NC2=O)ccc1O,0.0577,Inactive,In-Domain
0.03240086,Cn1c(-c2c(CCCC(=O)[O-])n[nH]c2-c2ccc(O)cc2O)nc2ccccc21,0.0577,Inactive,In-Domain
0.50546485,O=C(NCCOCCO)c1cc(-c2ccc(O)cc2)[nH]n1,0.0576,Inactive,In-Domain
0.59717405,COc1cc(O)c2c(c1)O[C@H](c1ccc(O)c(O)c1)[C@@H]([O-])C2=O,0.0574,Inactive,In-Domain
0.9855123,Cn1c(CO)nnc1[C@H]1C[C@@H](Nc2nccc(N3CCC(O)CC3)[nH+]2)C1,0.0573,Inactive,Out-of-Domain
0.71004146,COc1cc(/C=C2\SC(=S)N(NC(=O)c3ccc(O)c(OC)c3)C2=O)ccc1O,0.0572,Inactive,In-Domain
0.57690346,O=C1C[C@H](c2ccc(O)cc2)Oc2cc([O-])cc(O)c21,0.0571,Inactive,In-Domain
0.022100033,Oc1ccc([C@H]2Oc3cc(O)cc(O)c3C[C@@H]2O)cc1,0.0571,Inactive,In-Domain
0.60621345,COc1c(C(=O)[O-])cccc1-c1cccc(C(=O)[O-])c1OC,0.0569,Inactive,In-Domain
0.82403284,COc1cc(O)c2c(c1)O[C@H](c1ccc(O)c(O)c1)[C@H]([O-])C2=O,0.0569,Inactive,In-Domain
0.4243526,COc1cc(O)c2c(c1)O[C@H](c1ccc(O)c(O)c1)[C@@H](O)C2=O,0.0568,Inactive,In-Domain
0.19067818,COc1cc(O)c2c(c1)O[C@H](c1ccc(O)c(O)c1)[C@@H](O)C2=O,0.0568,Inactive,In-Domain
0.62883836,OCc1nc2cc(Cc3ccc4nc(CO)[nH]c4c3)ccc2[nH]1,0.0567,Inactive,Out-of-Domain
0.77411765,O=c1c(-c2ccc(O)cc2)coc2c(O)c(O)cc(O)c12,0.0563,Inactive,In-Domain
0.94637847,COc1cc(C[N@H+]2CCC[C@@H](c3cc(=O)[nH]c(N4CCOCC4)n3)C2)ccc1O,0.0562,Inactive,Out-of-Domain
0.98572206,OCCn1ccc([C@@H]2CCCN(C3CSCCSC3)C2)n1,0.0561,Inactive,Out-of-Domain
0.97522867,O=C([O-])c1ccc(-c2ccc([O-])cn2)cc1,0.056,Inactive,Out-of-Domain
0.48031893,COCCn1c(CO)nnc1[C@H]1C[C@@H](NC(=O)c2ccc(C[NH3+])cc2)C1,0.0557,Inactive,Out-of-Domain
0.89645606,O=C([O-])CCCn1nnc(-c2ccc(O)c(O)c2)n1,0.0556,Inactive,In-Domain
0.6778911,O=C(CCc1cc2n(n1)CCCN(Cc1cccc(O)c1)C2)NCCO,0.0555,Inactive,Out-of-Domain
0.021816928,OCCn1ccc([C@@H]2CCC[N@@H+](C3CSCCSC3)C2)n1,0.0553,Inactive,Out-of-Domain
0.9930703,OCCNc1cc(NCC[N@@H+]2CCC[C@@H](CO)C2)ncn1,0.0548,Inactive,Out-of-Domain
0.93373305,COc1cc(/C=C2\SC(=S)N(/N=C(\[O-])c3ccc(O)c(OC)c3)C2=O)ccc1[O-],0.0546,Inactive,In-Domain
0.99963486,Cc1c(CC(=O)NCC(=O)NCC(=O)[O-])c(=O)oc2c(O)c(O)ccc12,0.0546,Inactive,In-Domain
0.5176142,Cc1c(CC(=O)NC[C@@H](CC(=O)[O-])c2ccc(Cl)cc2)c(=O)oc2c(O)c([O-])ccc12,0.0546,Inactive,In-Domain
0.7955842,O=C([O-])c1ccc(/C=C2\SC(=S)N(c3ccc(O)cc3)C2=O)cc1,0.0544,Inactive,In-Domain
0.99900264,O=C([O-])c1ccc2c(Nc3ccc(O)cc3)ncnc2c1,0.0544,Inactive,In-Domain
0.47203714,COCCn1c(CO)nnc1[C@H]1C[C@@H](NC(=O)c2ccc(CN)cc2)C1,0.0541,Inactive,Out-of-Domain
0.97806966,CCOc1cccc(C[N@@H+]2CCC[C@@H](c3cc(=O)nc(-c4ccccn4)[nH]3)C2)c1O,0.0538,Inactive,Out-of-Domain
0.3382528,[NH3+]CCc1ccc(Oc2ccc(F)c(C(=O)N3CCC[C@@H](CO)C3)c2)cc1,0.0537,Inactive,Out-of-Domain
0.32742512,Nc1ncccc1CNC(=O)c1cc(O)cc(C(=O)[O-])c1,0.0536,Inactive,In-Domain
0.08772953,Cc1c(CC(=O)NCCCCCC(=O)[O-])c(=O)oc2cc(O)ccc12,0.0536,Inactive,In-Domain
0.32880464,Cc1cc([C@H]2CCC[NH2+]C2)oc(=O)c1C(=O)Nc1cccc(C[N@H+](C)CCO)c1,0.0535,Inactive,Out-of-Domain
0.9442142,C[C@@](Cc1cc([O-])c(O)cc1Br)([NH2+]N)C(=O)[O-],0.0534,Inactive,Out-of-Domain
0.87619513,Oc1cc(O)c2c(c1)O[C@@H](c1ccc(O)c(O)c1)[C@H](O)C2,0.0531,Inactive,In-Domain
0.644728,COc1cc(O)c2c(c1)O[C@H](c1ccc(O)c(O)c1)[C@@H]([O-])C2=O,0.0531,Inactive,In-Domain
0.92459816,COc1cc(-c2ccc(C(=O)[O-])cc2)ccc1O,0.0531,Inactive,In-Domain
0.75788563,O=C(Nc1nc(-c2ccc(O)c(O)c2)c(-c2ccccc2)s1)c1ccc(O)c(O)c1,0.0529,Inactive,In-Domain
0.017045366,COc1cc(O)c2c(c1)O[C@H](c1ccc(O)c(O)c1)[C@H](O)C2=O,0.0529,Inactive,In-Domain
0.20207787,Cc1cc2c(c(O)c1O)C(=O)c1c(O)cc(O)cc1C2=O,0.0529,Inactive,In-Domain
0.9723426,Cc1cc([C@H]2CCC[NH2+]C2)oc(=O)c1C(=O)Nc1cccc(C[N@@H+](C)CCO)c1,0.0528,Inactive,Out-of-Domain
0.5788624,COc1cc(C(=O)NN2C(=O)/C(=C/c3ccc(O)c(OC)c3)SC2=S)ccc1[O-],0.0526,Inactive,In-Domain
0.18237452,CCCCC[C@H](O)c1c(O)cc2c(c1O)C(=O)c1c(O)cc(O)cc1C2=O,0.0525,Inactive,In-Domain
0.9069285,[NH3+]CCOc1cccc(CC(=O)N[C@@H]2CO[C@H]3[C@@H]2OC[C@H]3O)c1,0.0522,Inactive,Out-of-Domain
0.9942649,Cc1cc2c(c(O)c1O)C(=O)c1c(O)cc([O-])cc1C2=O,0.0522,Inactive,In-Domain
0.75199306,Cc1cc([C@@H]2CCC[NH2+]C2)oc(=O)c1C(=O)Nc1cccc(C[N@@H+](C)CCO)c1,0.052,Inactive,Out-of-Domain
0.64462966,[O-]c1ccc(Cc2ccc(O)c3ncccc23)c2cccnc12,0.0518,Inactive,Out-of-Domain
0.85873896,CC(=O)c1c([O-])cc(O)cc1C[C@@H]1Cc2cc([O-])cc(O)c2C(=O)O1,0.0518,Inactive,In-Domain
0.98240167,O=C([O-])c1ccc(-c2ccc(O)cn2)cc1,0.0517,Inactive,In-Domain
0.87457055,O=C([O-])c1ccc(-c2ncc([O-])cn2)cc1,0.0517,Inactive,Out-of-Domain
0.4358673,Cc1nc([C@H]2C[N@H+](CC3(O)CCOCC3)CCO2)cc(=O)[nH]1,0.0516,Inactive,Out-of-Domain
0.9462809,OCCNc1cc(NCC[N@@H+]2CCC[C@@H](CO)C2)nc[nH+]1,0.0513,Inactive,Out-of-Domain
0.0730602,COc1c([O-])c(OC)c2oc(-c3ccc(O)cc3)cc(=O)c2c1O,0.0513,Inactive,In-Domain
0.8697642,C=CCc1cc(C[N@@H+]2CCC[C@H](c3cc(=O)[nH]c(N4CCOCC4)n3)C2)cc(OC)c1O,0.0512,Inactive,Out-of-Domain
0.9041855,O=C1c2c(O)cc(O)c(O)c2C(=O)c2c(O)cc([O-])c(O)c21,0.0512,Inactive,In-Domain
0.3188924,Cc1c(CC(=O)NCCCCCC(=O)[O-])c(=O)oc2cc([O-])ccc12,0.051,Inactive,In-Domain
0.9268449,OCCn1ccc([C@@H]2CCC[N@@H+](Cc3cccc4nonc34)C2)n1,0.0509,Inactive,Out-of-Domain
0.9160143,OCCNc1cc(NCC[N@H+]2CCC[C@@H](CO)C2)ncn1,0.0509,Inactive,Out-of-Domain
0.9304276,Cc1cc([C@@H]2CCC[NH2+]C2)oc(=O)c1C(=O)Nc1cccc(C[N@H+](C)CCO)c1,0.0506,Inactive,Out-of-Domain
0.8602117,COc1cc(C[N@H+]2CCC[C@@H](c3cc(=O)[nH]c(N4CCCC4)n3)C2)cc(OC)c1O,0.0504,Inactive,Out-of-Domain
0.59938496,O=c1c(-c2ccc(O)cc2)coc2c(O)c([O-])cc(O)c12,0.05,Inactive,In-Domain
0.16302378,Cc1cccc([NH+]2CCN(Cc3ccc(O)cc3)CC2)c1C,0.0499,Inactive,In-Domain
0.98666614,COc1cc(C(=O)[O-])ccc1-c1ccc(O)cc1,0.0496,Inactive,In-Domain
0.9989416,Nc1nc(-c2cc(F)cc(C(=O)NCc3ccccn3)c2)cc(=O)[nH]1,0.0496,Inactive,In-Domain
0.9584297,C=CCc1cc(C[N@H+]2CCC[C@@H](c3cc(=O)[nH]c(N4CCOCC4)n3)C2)cc(OC)c1O,0.0496,Inactive,Out-of-Domain
0.7144535,Cc1cc(O)c2c3c1C(=O)[C@@H]1c4c(c([O-])c5c6c(c(O)cc(C)c46)C(=O)O5)[C@@]3(COC2=O)[C@H]1O,0.0492,Inactive,Out-of-Domain
0.9505468,CCCCC[C@H](O)c1c(O)cc2c(c1O)C(=O)c1c(O)cc(O)cc1C2=O,0.0491,Inactive,In-Domain
0.9985398,CS/C(=N\N=C/c1ccc(O)cc1[O-])N/N=C/c1ccc(O)cc1O,0.0486,Inactive,In-Domain
0.021160902,CC(C)=CCOc1cc(O)c2c(c1)O[C@H](c1ccc(O)cc1)[C@@H]([O-])C2=O,0.0484,Inactive,In-Domain
0.99029,O=C([O-])c1cc(O)n(-c2ccc(=O)[nH]n2)n1,0.0482,Inactive,Out-of-Domain
0.012770304,CS/C(=N/N=C/c1ccc(O)cc1[O-])N/N=C\c1ccc(O)cc1O,0.0482,Inactive,In-Domain
0.94564366,Cc1nc(=O)cc([C@H]2CN(CC3(O)CCOCC3)CCO2)[nH]1,0.0481,Inactive,Out-of-Domain
0.6748789,COc1cc(C[N@@H+]2CCC[C@@H](c3cc(=O)[nH]c(N4CCOCC4)n3)C2)ccc1O,0.0478,Inactive,Out-of-Domain
0.9736918,O=C([O-])c1ccc(-c2c3cc(O)c(=O)cc-3oc3cc(O)c(O)cc23)cc1,0.0477,Inactive,In-Domain
0.9887404,COc1cc(/C=C2\SC(N(C)c3ccc(O)cc3)=NC2=O)ccc1[O-],0.0476,Inactive,In-Domain
0.9899059,Cc1nn(-c2ccc([O-])nn2)c2c1[C@@H](c1ccc(O)cc1)CC(=O)N2,0.0474,Inactive,In-Domain
0.9246333,O=C([O-])Cc1s/c(=N/N=C/c2ccc(O)cc2O)[nH]c1-c1ccccc1,0.0473,Inactive,In-Domain
0.9983127,O=C([O-])/C=C/C(=O)Nc1cccc(C(=O)Nc2cccc(O)c2)c1,0.0473,Inactive,In-Domain
0.49335685,[O-]c1cc(O)ccc1/C=N/N=c1/scc(-c2cccc(O)c2)n1-c1ccccc1,0.0471,Inactive,In-Domain
0.8401232,OCc1nc2ccc(Cc3ccc4nc(CO)[nH]c4c3)cc2[nH]1,0.0468,Inactive,Out-of-Domain
0.50057787,CCOc1cc(/C=C2\SC(=S)N(CCC(=O)[O-])C2=O)ccc1OCC(=O)[O-],0.0467,Inactive,In-Domain
0.9732434,OCCNc1cc(NCC[N@@H+]2CCC[C@@H](CO)C2)ncn1,0.0466,Inactive,Out-of-Domain
0.7292064,O=C([O-])C[C@H]1S/C(=N\N=C\c2ccc([O-])cc2O)NC1=O,0.0466,Inactive,Out-of-Domain
0.9948553,CS/C(=N\N=C\c1ccc(O)cc1O)N/N=C/c1ccc(O)cc1[O-],0.0466,Inactive,In-Domain
0.78850925,[NH3+]CCc1ccc(Oc2ccc(F)c(C(=O)N3CC[NH+](CCO)CC3)c2)cc1,0.0463,Inactive,Out-of-Domain
0.99677926,CCOc1cccc(C[N@H+]2CCC[C@@H](c3cc(=O)nc(-c4ccccn4)[nH]3)C2)c1O,0.0462,Inactive,Out-of-Domain
0.6467197,Nc1[nH+]cccc1CNC(=O)c1cc(O)cc(C(=O)[O-])c1,0.0459,Inactive,Out-of-Domain
0.8027192,COc1cc2c(cc1O)[C@@H](Cc1ccc(O)cc1)NCC2,0.0455,Inactive,In-Domain
0.92324716,COc1cc2c(cc1O)[C@@H](Cc1ccc(O)cc1)NCC2,0.0455,Inactive,In-Domain
0.5927776,Cc1cc([C@@H]2CCC[NH2+]C2)oc(=O)c1C(=O)Nc1cccc(C[N@@H+](C)CCO)c1,0.0454,Inactive,Out-of-Domain
0.7146254,O=C1N([C@H]2CC[C@H](O)CC2)CCC[C@@]12CCCN2Cc1cccc(OCCO)c1,0.0451,Inactive,In-Domain
0.33616912,Cc1cc([C@@H]2CCC[NH2+]C2)oc(=O)c1C(=O)Nc1cccc(CN(C)CCO)c1,0.0449,Inactive,Out-of-Domain
0.98179114,Cc1nn(-c2ccc([O-])nn2)c2c1[C@@H](c1cccc(O)c1)CC(=O)N2,0.0445,Inactive,In-Domain
0.8150526,Cc1cc2c(c(O)c1[O-])C(=O)c1c(O)cc(O)cc1C2=O,0.0445,Inactive,In-Domain
0.8693296,CS/C(=N\N=C\c1ccc(O)cc1[O-])N/N=C/c1ccc(O)cc1O,0.0443,Inactive,In-Domain
0.004434369,Oc1ccc(CC[C@@H](O)C[C@H](O)CCc2ccc(O)cc2)cc1,0.044,Inactive,In-Domain
0.048595477,[NH3+]CCOc1cccc(CC(=O)N[C@@H]2CO[C@H]3[C@@H]2OC[C@H]3O)c1,0.0437,Inactive,Out-of-Domain
0.83037436,Cc1c(O)cc2c(c1O)C(=O)[C@H](O)[C@@H](c1cc([O-])c(O)c(O)c1)O2,0.0437,Inactive,In-Domain
0.91811186,CO[C@@]12CC[C@@H](OCCO)C[C@@H]1[N@@H+](Cc1cn(CCO)nc1C)CC2,0.0436,Inactive,Out-of-Domain
0.7485798,COC(=O)c1c2c(c3ccccc3c1O)O[C@](C)(CO)C=C2,0.0431,Inactive,In-Domain
0.99773383,OCCNc1cc(NCC[N@H+]2CCC[C@@H](CO)C2)ncn1,0.043,Inactive,Out-of-Domain
0.96080655,Cc1cc(-c2ccc(C(=O)N3CCN(CCO)CC3)cc2)cc(C)c1O,0.0428,Inactive,In-Domain
0.008776379,O=c1c([O-])c(-c2cc(O)c(O)cc2O)oc2ccc(O)cc12,0.0427,Inactive,In-Domain
0.29861343,CCC[C@]1(CO)CC[N@H+](Cc2ccc(CC(=O)[O-])cc2)C[C@H]1O,0.0426,Inactive,Out-of-Domain
0.0056117442,C[C@@](Cc1cc(O)c([O-])cc1Br)([NH2+]N)C(=O)[O-],0.0424,Inactive,Out-of-Domain
0.8602117,O=c1c(O)c(-c2cc(O)c(O)cc2[O-])oc2ccc(O)cc12,0.0424,Inactive,In-Domain
0.77639216,O=C(CCc1cc2n(n1)CCC[N@H+](Cc1cccc(O)c1)C2)NCCO,0.0423,Inactive,Out-of-Domain
0.8921682,CS/C(=N\N=C/c1ccc(O)cc1O)N/N=C/c1ccc(O)cc1[O-],0.0422,Inactive,In-Domain
0.978736,OCC#Cc1ccc(C[N@H+]2CCOc3ccc(CO)cc3C2)s1,0.0422,Inactive,Out-of-Domain
0.9749638,Cc1cc(O[C@H]2O[C@H](CO)[C@H](O)[C@@H](O)[C@H]2O)ccc1O,0.0421,Inactive,In-Domain
0.9975448,Oc1ccc(CC[C@@H](O)C[C@H](O)CCc2ccc(O)c(O)c2)cc1,0.0417,Inactive,In-Domain
0.6662698,C[C@H](O)CNC(=O)c1ccc(O)cc1,0.0412,Inactive,In-Domain
0.1089878,C/C(Cc1oc2ccc([O-])cc2c1[N+](=O)[O-])=[NH+]/CCCC(=O)[O-],0.0408,Inactive,Out-of-Domain
0.9938911,OCC#Cc1csc(C[N@H+]2CCOc3ccc(CO)cc3C2)c1,0.0403,Inactive,Out-of-Domain
0.603573,C=CCc1cc(C[N@@H+]2CCC[C@@H](c3cc(=O)[nH]c(N4CCOCC4)n3)C2)cc(OC)c1O,0.0401,Inactive,Out-of-Domain
0.99914277,CO[C@@]12CC([O-])=C(C(C)=O)C(=O)[C@]1(C)c1c(O)c(C)c(O)c(C(C)=O)c1O2,0.04,Inactive,Out-of-Domain
0.9582832,O=C1C[C@H](c2ccc(O)cc2)Oc2cc([O-])cc(O)c21,0.0399,Inactive,In-Domain
0.31667435,CCOc1cc(/C=N/NC(=O)c2cccc(O)c2)ccc1O,0.0398,Inactive,In-Domain
0.4248985,COCCNCc1c[nH]c2ccc(OC)cc12,0.0397,Inactive,Out-of-Domain
0.9550934,CCC[C@]1(CO)CC[N@@H+](Cc2ccc(CC(=O)[O-])cc2)C[C@H]1O,0.0396,Inactive,Out-of-Domain
0.5858866,O=C([O-])c1cc(-c2ccc(/N=N/c3ccc([O-])c4ccccc34)cc2)nc2ccccc12,0.0395,Inactive,In-Domain
0.7166776,COc1cc2c(cc1O)[C@@H](Cc1ccc(O)cc1)[NH2+]CC2,0.0395,Inactive,In-Domain
0.9455555,Cc1cc(O)c2c3c1C(=O)[C@@H]1c4c(c([O-])c5c6c(c([O-])cc(C)c46)C(=O)O5)[C@@]3(COC2=O)[C@H]1O,0.0395,Inactive,Out-of-Domain
0.6878728,CCC[C@@]1(C(=O)[O-])C[N@@H+](Cc2ccc(CC(=O)[O-])cc2)CC[C@@H]1O,0.0395,Inactive,Out-of-Domain
0.5767394,O=C([O-])c1ccc(-c2c3cc(O)c(=O)cc-3oc3cc([O-])c(O)cc23)cc1,0.0394,Inactive,In-Domain
0.9882457,CC(C)[C@H]([NH3+])C(=O)N[C@@H](Cc1ccc(O)cc1)C(=O)[O-],0.0393,Inactive,In-Domain
0.16309682,O=C(NCC1(CO)CCC1)c1ccc(-c2ccc(CCO)cc2)cc1,0.0391,Inactive,Out-of-Domain
0.99163014,Cc1cc([C@@H]2CCC[NH2+]C2)oc(=O)c1C(=O)Nc1cccc(CN(C)CCO)c1,0.0385,Inactive,Out-of-Domain
0.9454641,O=C(c1ccc(O)cc1)c1ccc(C(=O)[O-])c(C(=O)[O-])c1,0.0381,Inactive,In-Domain
0.99990714,COc1cc2c(cc1O)[C@@H](Cc1ccc(O)cc1)[N@@H+](C)CC2,0.038,Inactive,In-Domain
0.8021064,O=C([O-])c1cccc(Nc2nc(-c3ccc(O)cc3[O-])cs2)c1,0.0378,Inactive,In-Domain
0.8422644,C[C@H]1[C@H]2Cc3ccc(O)cc3[C@]1(C)CC[NH2+]2,0.0378,Inactive,In-Domain
0.98099136,COc1cc(-c2nc(CNC(=O)c3coc(C[NH3+])n3)c(C)o2)ccc1[O-],0.0377,Inactive,In-Domain
0.98541635,CCCCC[C@H](O)c1c(O)cc2c(c1O)C(=O)c1c(O)cc([O-])cc1C2=O,0.0376,Inactive,In-Domain
0.95021206,CC(C)=CCc1cc([C@H]2Oc3cc([O-])cc(O)c3C(=O)[C@@H]2O)cc(CC=C(C)C)c1O,0.0376,Inactive,In-Domain
0.17631827,COc1cc(C[N@@H+]2CCC[C@@H](c3cc(=O)[nH]c(N4CCCC4)n3)C2)cc(OC)c1O,0.0376,Inactive,Out-of-Domain
0.9041155,COc1cc(/C=C2\SC(=S)N(NC(=O)c3ccc(O)c(OC)c3)C2=O)ccc1[O-],0.0376,Inactive,In-Domain
0.9841352,Cc1nn(CC(=O)[O-])c(=O)c2cc3c(C)nn(CC(=O)[O-])c(=O)c3cc12,0.0374,Inactive,In-Domain
0.48038214,O=C(c1ccc(=O)[nH]c1)N1CCCCCCCOC[C@@H](O)[C@@H](O)CC1,0.0374,Inactive,Out-of-Domain
0.82808,O=C1S/C(=C\c2cccc(O)c2)C(=O)N1c1cccc(O)c1,0.0372,Inactive,In-Domain
0.9487792,COc1ccc(C(=O)NCCOCCO)cc1Oc1cc(F)cc(C[NH3+])c1,0.0372,Inactive,Out-of-Domain
0.05502456,CCCCCc1cc(O)cc(O[C@H]2O[C@H](CO)[C@H](O)[C@@H](O)[C@H]2O)c1,0.0362,Inactive,In-Domain
0.45740095,Oc1ccc(C[C@@H]2[NH2+]CCc3cc(O)c(O)cc32)cc1,0.0356,Inactive,In-Domain
0.9607927,COc1cc(O)c2c(=O)c([O-])c(-c3ccc(O)c(OC)c3)oc2c1,0.0356,Inactive,In-Domain
0.97867626,CS/C(=N\N=C(/C)c1ccc(O)cc1[O-])N/N=C(\C)c1ccc(O)cc1O,0.0355,Inactive,In-Domain
0.97164536,N#Cc1c(-c2cccc(O)c2)cc(-c2ccc(OCC(=O)[O-])cc2)nc1N,0.0352,Inactive,In-Domain
0.06907465,CCCCC[C@H](O)c1c(O)cc2c(c1O)C(=O)c1c(O)cc([O-])cc1C2=O,0.0352,Inactive,In-Domain
0.636622,O=S(=O)([O-])c1ccc(-c2ccc(/C=N/c3ccc(O)cc3)o2)cc1,0.035,Inactive,In-Domain
0.70529795,O=C([O-])Cn1ccc([C@@H]2CCC[N@H+](CCC(F)(F)F)C2)n1,0.0349,Inactive,Out-of-Domain
0.9470456,CS/C(=N\N=C(/C)c1ccc(O)cc1[O-])N/N=C(\C)c1ccc(O)cc1O,0.0348,Inactive,In-Domain
0.14130504,[O-]c1ccc(/N=N/c2cc(O)cc(O)c2)cc1,0.0347,Inactive,In-Domain
0.9712286,CS/C(=N\N=C(/C)c1ccc(O)cc1O)N/N=C(\C)c1ccc(O)cc1[O-],0.0346,Inactive,In-Domain
0.98696566,O=C([O-])CCC[N@H+]1CCC[C@@H](c2ccn(CC(=O)[O-])n2)C1,0.0345,Inactive,Out-of-Domain
0.95995915,CC(C)(c1ccc(OCCC(=O)[O-])cc1)c1ccc(OCCC(=O)[O-])cc1,0.0344,Inactive,In-Domain
0.30743244,O=C(Cc1ccc(CO)cc1)NCC[N@@H+]1CCC[C@@H](CO)C1,0.0341,Inactive,Out-of-Domain
0.9867209,CS/C(=N/N=C/c1ccc(O)cc1O)N/N=C/c1ccc(O)cc1[O-],0.0336,Inactive,In-Domain
0.9443485,O=C([O-])c1ccc(-c2ncc(O)cn2)cc1,0.0334,Inactive,In-Domain
0.9334075,Cc1c(CC(=O)NC[C@@H](CC(=O)[O-])c2ccc(Cl)cc2)c(=O)oc2c(O)c(O)ccc12,0.0334,Inactive,In-Domain
0.65808517,O=C(Cc1ccc(CO)cc1)N[C@H]1C[C@H]2CO[C@@H](CCO)C[N@H+]2C1,0.0334,Inactive,Out-of-Domain
0.99932337,CN1N=C([C@H]2CCCCN2C(=O)CCC(=O)[O-])CC1=O,0.0333,Inactive,Out-of-Domain
0.85276324,Cn1nc([C@H]2CCCCN2C(=O)CCC(=O)[O-])cc1O,0.033,Inactive,Out-of-Domain
0.78465533,CCC[C@@]1(C(=O)[O-])C[N@H+](Cc2ccc(CC(=O)[O-])cc2)CC[C@@H]1O,0.0328,Inactive,Out-of-Domain
0.0050496766,O=C(Cc1ccc(CO)cc1)N[C@H]1C[C@H]2CO[C@@H](CCO)C[N@@H+]2C1,0.0328,Inactive,Out-of-Domain
0.34549308,O=C([O-])Cn1ccc([C@@H]2CCC[N@@H+](CCC(F)(F)F)C2)n1,0.0326,Inactive,Out-of-Domain
0.9024997,NNC(=O)CC(=O)NC1(Cc2ccc(O)cc2)CCCCC1,0.0325,Inactive,In-Domain
0.92055446,C=CCc1cc(C[N@H+]2CCC[C@H](c3cc(=O)[nH]c(N4CCOCC4)n3)C2)cc(OC)c1O,0.0325,Inactive,Out-of-Domain
0.8981598,O=C(Cc1ccc(CO)cc1)NCC[N@H+]1CCC[C@@H](CO)C1,0.0322,Inactive,Out-of-Domain
0.8256685,O=C([O-])c1cccc(CN2C(=O)S/C(=C\c3ccc(O)cc3)C2=O)c1,0.0319,Inactive,In-Domain
0.2280213,C[C@@H](NC(=O)/C=C/c1cc(CO)cs1)[C@@H](O)c1ccc(O)cc1,0.0319,Inactive,In-Domain
0.73133826,CCOc1cccc(C[N@H+]2CCC[C@@H](c3cc(=O)[nH]c(N4CCOCC4)n3)C2)c1O,0.0314,Inactive,Out-of-Domain
0.46908078,CCOc1cc([C@H]2CC(=O)Nc3c2c(C)nn3-c2ccc(=O)[nH]n2)ccc1O,0.0312,Inactive,Out-of-Domain
0.4077229,CCn1cnnc1C[N@@H+](C)Cc1c(C)nn(CCO)c1C,0.0312,Inactive,Out-of-Domain
0.42583218,O=C([O-])C[C@H]1S/C(=N\N=C\c2ccc(O)cc2[O-])NC1=O,0.0308,Inactive,Out-of-Domain
0.947075,Cc1cc(O)ccc1O[C@H]1O[C@H](CO)[C@H](O)[C@@H](O)[C@H]1O,0.0307,Inactive,In-Domain
0.98880965,COc1cc([C@H]2Oc3cc(O)cc(O)c3C(=O)C2=O)ccc1O,0.0306,Inactive,In-Domain
0.0026195017,[O-]c1cc2c(cc1O)[C@H](Cc1ccc(O)cc1)[NH2+]CC2,0.0306,Inactive,In-Domain
0.92941976,COc1cc(CN2C[C@H]3CC[C@@H](C2)[C@@H]3[NH3+])ccc1OCC(=O)N1CCOCC1,0.0304,Inactive,In-Domain
0.9483072,COc1ccc(C(=O)N2CCOc3ccc(CO)cc3C2)cc1OCCC[NH3+],0.0303,Inactive,In-Domain
0.93662214,NC(=O)N/N=C(\CCCCC(=O)[O-])c1ccc(CC(=O)[O-])s1,0.0303,Inactive,Out-of-Domain
0.8106689,OCCNc1cc(NCC[N@@H+]2CCC[C@@H](CO)C2)nc[nH+]1,0.0303,Inactive,Out-of-Domain
0.5441602,O=C([O-])CCC[N@@H+]1CCC[C@@H](c2ccn(CC(=O)[O-])n2)C1,0.0301,Inactive,Out-of-Domain
0.06465859,CCOc1cccc(C[N@@H+]2CCC[C@@H](c3cc(=O)[nH]c(N4CCOCC4)n3)C2)c1O,0.0301,Inactive,Out-of-Domain
0.9941993,CCCCC[C@H](O)c1c([O-])cc2c(c1O)C(=O)c1c(O)cc(O)cc1C2=O,0.0301,Inactive,In-Domain
0.99595886,CCCCC[C@H](O)c1c([O-])cc2c(c1O)C(=O)c1c(O)cc(O)cc1C2=O,0.0299,Inactive,In-Domain
0.8106167,CS/C(=N/N=C(\C)c1ccc(O)cc1[O-])N/N=C(\C)c1ccc(O)cc1O,0.0296,Inactive,In-Domain
0.9957457,C/C(=N\Nc1nc2c(c(=O)[nH]c(=O)n2C)n1C[C@@H](C)O)c1ccc(O)cc1,0.0296,Inactive,Out-of-Domain
0.9512874,O=C([O-])c1cccc(Nc2nc(-c3ccc(O)cc3O)cs2)c1,0.0296,Inactive,In-Domain
0.9885222,Nc1n[nH]c(-c2ccc(-c3ccc(CC[NH3+])cc3)o2)n1,0.0292,Inactive,Out-of-Domain
0.9342015,COc1ccc(C(=O)N2CCN(CCO)CC2)cc1Oc1ccc(CN)cc1F,0.0291,Inactive,In-Domain
0.99566805,CCOC(=O)C1=C(COCC[NH3+])NC(C)=C(C(=O)OC)[C@@H]1c1ccccc1Cl,0.029,Inactive,In-Domain
0.6645381,Cc1cc(=O)oc2cc(NC(=O)[C@H](C)N)ccc12,0.0288,Inactive,In-Domain
0.8316052,Cn1c(SCC(=O)N2CCOCC2)nnc1[C@@H]1CCC[NH2+]C1,0.0287,Inactive,In-Domain
0.99715877,COc1cc2c(c(O)c1C)C(=O)[C@H](O)[C@@H](c1ccc(O)cc1)O2,0.0282,Inactive,In-Domain
0.9635067,OCCNc1cc(NCC[N@H+]2CCC[C@@H](CO)C2)nc[nH+]1,0.0282,Inactive,Out-of-Domain
0.9925243,O=C1/C(=C/c2ccc([O-])cc2)SC(=S)N1CCc1ccc(O)cc1,0.028,Inactive,Out-of-Domain
0.5886086,COc1cc2c(cc1O)[C@H](Cc1ccc(O)cc1)[NH2+]CC2,0.0279,Inactive,In-Domain
0.77806073,Cc1ccccc1N1C(=O)C[C@@H](NCCc2ccc(O)cc2)C1=O,0.0279,Inactive,In-Domain
0.98926115,CS/C(=N/N=C(\C)c1ccc(O)cc1O)N/N=C(\C)c1ccc(O)cc1[O-],0.0279,Inactive,In-Domain
0.5656029,Oc1ccc(CC[C@@H](O)C[C@H](O)CCc2ccc(O)cc2)cc1,0.0273,Inactive,In-Domain
0.012218424,O=C([O-])c1cccc(CN2C(=O)S/C(=C\c3ccc([O-])cc3)C2=O)c1,0.0273,Inactive,Out-of-Domain
0.6767442,O=c1c(O)c(-c2cc(O)c(O)cc2O)oc2ccc(O)cc12,0.0271,Inactive,In-Domain
0.2420578,CCOC(=O)C1=C(COCC[NH3+])NC(C)=C(C(=O)OC)[C@H]1c1ccccc1Cl,0.0271,Inactive,In-Domain
0.860963,COc1cc([C@H]2CC(=O)Nc3c2c(C)nn3-c2ccc(=O)[nH]n2)ccc1O,0.0269,Inactive,In-Domain
0.9197286,CO[C@@]12CC[C@H](OCCO)C[C@@H]1[N@@H+](Cc1cn(CCO)nc1C)CC2,0.0268,Inactive,Out-of-Domain
0.47937062,Cc1nn(-c2ccc(=O)[nH]n2)c2c1[C@@H](c1ccc(O)cc1)CC(=O)N2,0.0267,Inactive,In-Domain
0.7889247,OCC#Cc1ccc(C[N@@H+]2CCOc3ccc(CO)cc3C2)s1,0.0266,Inactive,Out-of-Domain
0.9363729,Cc1nn(-c2ccc(=O)[nH]n2)c2c1[C@@H](c1cccc(O)c1)CC(=O)N2,0.0264,Inactive,Out-of-Domain
0.9438047,COc1ccc([C@H]2CC(=O)Nc3c2c(C)nn3-c2ccc([O-])nn2)cc1O,0.0264,Inactive,In-Domain
0.9919923,COc1cc2c(cc1O)[C@@H](Cc1ccc(O)cc1)[NH2+]CC2,0.0264,Inactive,In-Domain
0.82722557,CS/C(=N/N=C/c1ccc(O)cc1[O-])N/N=C/c1ccc(O)cc1O,0.0262,Inactive,In-Domain
0.85130155,CCOc1cccc(C[N@H+]2CCC[C@@H](c3cc(=O)[nH]c(N4CCOCC4)n3)C2)c1[O-],0.0262,Inactive,Out-of-Domain
0.9965842,O=C1S/C(=C\c2ccc([O-])cc2)C(=O)N1c1ccc(O)cc1,0.026,Inactive,In-Domain
0.78176135,[O-]c1ccc(/N=N/c2cc(O)cc(O)c2)cc1,0.0259,Inactive,In-Domain
0.7288229,O=C([O-])c1cc([O-])n(-c2ccc(=O)[nH]n2)n1,0.0258,Inactive,Out-of-Domain
0.9758183,COc1cc(CC[C@@H](O)CO)ccc1O,0.0258,Inactive,In-Domain
0.18347648,COc1cc(C)ccc1OCCN1CC[C@H](O)[C@](CO)(Cc2ccccc2)C1,0.0257,Inactive,In-Domain
0.97994953,Nc1cc([O-])nc2nnc(SCC(=O)[O-])n12,0.0257,Inactive,Out-of-Domain
0.40534616,COc1cc(/C=C2\SC(=S)N(c3ccc(O)cc3)C2=O)ccc1O,0.0256,Inactive,In-Domain
0.19476737,CCn1cnnc1C[N@H+](C)Cc1c(C)nn(CCO)c1C,0.0252,Inactive,Out-of-Domain
0.18093507,N[C@H](Cc1ccc(O)cc1)C(=O)NCC(=O)NCC(=O)[O-],0.0252,Inactive,In-Domain
0.7270653,OC[C@@]12C[NH2+]C[C@@H]1CN(c1ncnc3[nH]ncc13)C2,0.025,Inactive,Out-of-Domain
0.95356506,Cc1nn(-c2ccc(=O)[nH]n2)c2c1[C@@H](c1ccc(C(=O)[O-])cc1)CC(=O)N2,0.0247,Inactive,Out-of-Domain
0.9657137,OCc1nc2ccc(Cc3ccc4[nH+]c(CO)[nH]c4c3)cc2[nH]1,0.0245,Inactive,Out-of-Domain
0.31309298,Nc1nc(-c2ccc(-c3ccc(CC[NH3+])cc3)o2)n[nH]1,0.0244,Inactive,Out-of-Domain
0.1276925,COC(=O)c1c2c(c3ccccc3c1[O-])O[C@](C)(CO)C=C2,0.0243,Inactive,Out-of-Domain
0.09525544,CC[C@@H](C)[C@H](NC(=O)CNC(=O)CCc1c(C)c2ccc([O-])cc2oc1=O)C(=O)[O-],0.0243,Inactive,Out-of-Domain
0.95450443,CC(C)[C@H](N)C(=O)N[C@@H](Cc1ccc(O)cc1)C(=O)[O-],0.0242,Inactive,In-Domain
0.99938977,COc1cc([C@H]2CC(=O)Nc3c2c(C)nn3-c2ccc([O-])nn2)ccc1O,0.0241,Inactive,In-Domain
0.31640834,[O-]c1cc2c(cc1O)CC[NH2+][C@H]2Cc1ccc(O)cc1,0.0241,Inactive,In-Domain
0.9607885,CS/C(=N\N=C(/C)c1ccc(O)cc1O)N/N=C(\C)c1ccc(O)cc1[O-],0.0236,Inactive,In-Domain
0.84609073,COc1cc(-c2cc(=O)c3c(O)c(OC)c(O)cc3o2)cc(F)c1[O-],0.0235,Inactive,In-Domain
0.2025762,CCOC(=O)c1ccc([C@H](C)NN)cc1,0.0234,Inactive,In-Domain
0.97152454,Cc1cc([C@H]2CCC[NH2+]C2)oc(=O)c1C(=O)Nc1cccc(CN(C)CCO)c1,0.0233,Inactive,Out-of-Domain
0.99127734,Cc1c(O)cc2c(c1O)C(=O)[C@@H](O)[C@H](c1cc([O-])c(O)c(O)c1)O2,0.0232,Inactive,In-Domain
0.9592676,CCOc1cccc(C[N@H+]2CCC[C@@H](c3cc(=O)[nH]c(-c4ccccn4)n3)C2)c1[O-],0.0231,Inactive,Out-of-Domain
0.99101263,COc1ccc(CN2CCC(O)(Cn3nc(-c4cccs4)ccc3=O)CC2)cc1O,0.023,Inactive,Out-of-Domain
0.2279301,CO[C@@]12CC[C@@H](OCCO)C[C@@H]1[N@H+](Cc1cn(CCO)nc1C)CC2,0.0229,Inactive,Out-of-Domain
0.3049612,Cc1c(CC(=O)NCC(=O)NCC(=O)[O-])c(=O)oc2cc([O-])ccc12,0.0229,Inactive,In-Domain
0.026693774,[O-]c1ccc(Cc2ccc(O)c3ncccc23)c2ccc[nH+]c12,0.0227,Inactive,Out-of-Domain
0.97224945,CC(C)(C)OC(=O)Cc1ccc(CC[NH3+])cc1,0.0224,Inactive,In-Domain
0.41771176,OCC#Cc1csc(C[N@@H+]2CCOc3ccc(CO)cc3C2)c1,0.022,Inactive,Out-of-Domain
0.92702323,COc1cc([C@H]2Oc3cc([O-])cc(O)c3C(=O)C2=O)ccc1O,0.0218,Inactive,In-Domain
0.7888486,COc1cc([C@H]2Oc3cc([O-])cc(O)c3C(=O)C2=O)ccc1[O-],0.0214,Inactive,In-Domain
0.99780804,COc1cc2c(cc1O)[C@@H](Cc1ccc(O)cc1)[NH2+]CC2,0.021,Inactive,In-Domain
0.11532418,[NH3+]CCc1ccc(Oc2ccc(F)c(C(=O)N3CCN(CCO)CC3)c2)cc1,0.021,Inactive,Out-of-Domain
0.9672501,CCCCC[C@H](O)c1c([O-])cc2c(c1O)C(=O)c1c(O)cc([O-])cc1C2=O,0.0209,Inactive,In-Domain
0.98550016,CO[C@@]12CC[C@H](OCCO)C[C@@H]1[N@H+](Cc1cn(CCO)nc1C)CC2,0.0208,Inactive,Out-of-Domain
0.97224945,CCOC(=O)c1ccc([C@@H](C)NN)cc1,0.0206,Inactive,In-Domain
0.14843045,COc1c(O)cc2c(c1O)C(=O)C[C@@H](c1ccc(O)cc1)O2,0.0203,Inactive,In-Domain
0.98530525,[NH3+]CCc1ccc(C(=O)NCc2cccc(CO)c2)cc1,0.0198,Inactive,In-Domain
0.9384263,Cc1ccc2c(c1)c1nnc(SCc3ccc(CC(=O)[O-])cc3)nc1n2CC(=O)[O-],0.0196,Inactive,Out-of-Domain
0.9335546,CCOc1cccc(C[N@@H+]2CCC[C@@H](c3cc(=O)[nH]c(N4CCOCC4)n3)C2)c1[O-],0.0194,Inactive,Out-of-Domain
0.5812094,COc1ccc([C@H]2CC(=O)Nc3c2c(C)nn3-c2ccc(=O)[nH]n2)cc1O,0.0193,Inactive,In-Domain
0.9036666,CCOc1cccc(CN2CC[NH+](c3cccc(C)c3C)CC2)c1O,0.0188,Inactive,In-Domain
0.99569255,CCOC(=O)c1ccc([C@@H](C)N[NH3+])cc1,0.0184,Inactive,In-Domain
0.993299,[NH3+]Cc1ccc(-n2cccn2)cc1,0.0184,Inactive,Out-of-Domain
0.993636,O=C([O-])[C@@H]1CN(Cc2cccc(OCCO)c2)CC[C@@H]1O,0.0183,Inactive,In-Domain
0.99959415,Cc1c(CCC(=O)NCC(=O)N[C@H](C(=O)[O-])C(C)C)c(=O)oc2cc([O-])ccc12,0.0183,Inactive,Out-of-Domain
0.595535,CS/C(=N\N=C\c1ccc(O)cc1O)N/N=C/c1ccc(O)cc1O,0.0182,Inactive,In-Domain
0.9965587,Cc1ccccc1N1C(=O)C[C@@H]([NH2+]CCc2ccc(O)cc2)C1=O,0.0181,Inactive,In-Domain
0.98864007,C[C@]1(O)CC[C@H](C[NH3+])CC1,0.018,Inactive,Out-of-Domain
0.8795536,C[C@@H](O)Cn1c(N/N=C/c2ccc(O)cc2)nc2c1c(=O)[nH]c(=O)n2C,0.0177,Inactive,Out-of-Domain
0.8135978,CCCCC[C@H](O)c1c([O-])cc2c(c1O)C(=O)c1c(O)cc([O-])cc1C2=O,0.0176,Inactive,In-Domain
0.99913174,OCC#Cc1ccc(CN2CCOc3ccc(CO)cc3C2)s1,0.0172,Inactive,Out-of-Domain
0.7832487,CO[C@@]12CC[C@@H](OCCO)C[C@@H]1N(Cc1cn(CCO)nc1C)CC2,0.0164,Inactive,Out-of-Domain
0.6742755,C[C@@H](O)C[NH2+]CCCOc1cccc(Oc2ccccc2)c1,0.0164,Inactive,Out-of-Domain
0.84588087,[NH3+]CCNc1ccc(S(=O)(=O)[O-])cc1,0.0161,Inactive,Out-of-Domain
0.030835152,COc1cc2c(cc1[O-])[C@@H](Cc1ccc(O)cc1)[N@@H+](C)CC2,0.0159,Inactive,In-Domain
0.22986619,[NH3+]CCc1ccc(Oc2ccc(F)c(C(=O)N[C@H]3CC[C@H](O)CC3)c2)cc1,0.0157,Inactive,Out-of-Domain
0.98469007,COc1cc(O)c2c(=O)c(O)c(-c3ccc(O)c(OC)c3)oc2c1,0.0156,Inactive,In-Domain
0.9854635,[NH3+][C@H](Cc1ccc(O)cc1)C(=O)NCC(=O)NCC(=O)[O-],0.0155,Inactive,In-Domain
0.29427347,Nc1nc(=O)cc(-c2cc(F)cc(C(=O)NCc3ccccn3)c2)[nH]1,0.0154,Inactive,In-Domain
0.9915775,Cn1c(CC[NH3+])nnc1SCc1ccccc1OC(F)(F)F,0.0152,Inactive,Out-of-Domain
0.9754411,COc1cc(/C=C2\SC(Nc3ccc(O)cc3)=NC2=O)ccc1[O-],0.0151,Inactive,In-Domain
0.7653553,C[C@@H](NC(=O)/C=C/c1cc(CO)cs1)c1nnc(CC(=O)[O-])[nH]1,0.0149,Inactive,Out-of-Domain
0.1025429,Cc1c(CC(=O)NCC(=O)NCC(=O)[O-])c(=O)oc2cc(O)ccc12,0.0149,Inactive,In-Domain
0.8090836,CCN1C(=O)/C(=C\c2ccc(O)c(OC)c2)S/C1=N\c1cccc(C(=O)[O-])c1,0.0146,Inactive,In-Domain
0.9945003,Nn1cnn(Cc2ccc(Cn3ncn(N)c3=S)cc2)c1=S,0.0145,Inactive,Out-of-Domain
0.9689896,CCOC(=O)c1ccc([C@H](C)N[NH3+])cc1,0.0144,Inactive,In-Domain
0.0460644,CS/C(=N/N=C/c1ccc(O)cc1O)N/N=C/c1ccc(O)cc1O,0.0144,Inactive,In-Domain
0.32009283,O=C([O-])CNCc1ccc(O)cc1,0.0143,Inactive,In-Domain
0.013624321,Clc1ccc([C@H](OC2CC[NH2+]CC2)c2ccccn2)cc1,0.0142,Inactive,Out-of-Domain
0.9960561,[NH3+]CCCn1cc(CO)nn1,0.014,Inactive,Out-of-Domain
0.7387448,COc1cc2c(c(O)c1C)C(=O)[C@H]([O-])[C@@H](c1ccc(O)cc1)O2,0.014,Inactive,In-Domain
0.90892404,COc1cc2c(cc1[O-])[C@@H](Cc1ccc(O)cc1)[NH2+]CC2,0.0138,Inactive,In-Domain
0.99696964,COc1cc2c(cc1[O-])[C@@H](Cc1ccc(O)cc1)[NH2+]CC2,0.0138,Inactive,In-Domain
0.52494895,CS/C(=N/N=C/c1ccc(O)cc1O)N/N=C\c1ccc(O)cc1O,0.0136,Inactive,In-Domain
0.99910897,O=C1/C(=C/c2ccc([O-])cc2)SC(=S)N1c1ccc(O)cc1,0.0136,Inactive,In-Domain
0.3225175,O=C(Cc1ccc(CO)cc1)N[C@H]1C[C@H]2CO[C@@H](CCO)CN2C1,0.0135,Inactive,Out-of-Domain
0.89945096,Cn1c(SCC(=O)N2CCOCC2)nnc1C1CC[NH2+]CC1,0.0131,Inactive,In-Domain
0.5078124,COc1cc2c(cc1[O-])[C@@H](Cc1ccc(O)cc1)[NH2+]CC2,0.0131,Inactive,In-Domain
0.6959568,COc1cc2c(cc1[O-])[C@H](Cc1ccc(O)cc1)[NH2+]CC2,0.013,Inactive,In-Domain
0.9738496,COc1cc2oc(-c3ccc(O)cc3)c(OC)c(=O)c2c(O)c1O,0.0127,Inactive,In-Domain
0.67417246,O=C([O-])c1cc(=O)c2cc(O)ccc2[nH]1,0.0124,Inactive,In-Domain
0.9997763,COc1cc([C@H]2Oc3cc(O)cc([O-])c3C(=O)C2=O)ccc1O,0.0123,Inactive,In-Domain
0.94792295,COc1cc2c(cc1[O-])[C@@H](Cc1ccc(O)cc1)[N@H+](C)CC2,0.0123,Inactive,In-Domain
0.98519146,OC[C@@]12C[NH2+]C[C@@H]1CN(c1ncnc3n[nH]cc13)C2,0.0123,Inactive,Out-of-Domain
0.59075105,O=C([O-])C[C@H]1S/C(=N/N=C\c2ccc(O)c(O)c2)NC1=O,0.0122,Inactive,Out-of-Domain
0.91472906,[NH3+]CCc1c[nH]c2ccc(O)cc12,0.012,Inactive,In-Domain
0.9969663,[O-]c1ccc(Cc2ccc([O-])c3ncccc23)c2cccnc12,0.0119,Inactive,Out-of-Domain
0.81552076,COc1c([O-])cc2c(c1O)C(=O)C[C@@H](c1ccc(O)cc1)O2,0.0119,Inactive,In-Domain
0.86730886,O=C([O-])C[NH2+]Cc1ccc(O)cc1,0.0116,Inactive,In-Domain
0.9996437,CS/C(=N\N=C/c1ccc(O)cc1O)N/N=C/c1ccc(O)cc1O,0.0115,Inactive,In-Domain
0.14024535,COc1c(O)c(OC)c2oc(-c3ccc(O)cc3)cc(=O)c2c1O,0.0114,Inactive,In-Domain
0.55159515,OCC#Cc1csc(CN2CCOc3ccc(CO)cc3C2)c1,0.0111,Inactive,Out-of-Domain
0.99561787,CCC[C@@]1(C(=O)[O-])CN(Cc2ccc(CC(=O)[O-])cc2)CC[C@@H]1O,0.0108,Inactive,Out-of-Domain
0.9477804,C[C@@H](NC(=O)/C=C/c1cc(CO)cs1)c1n[nH]c(CC(=O)[O-])n1,0.0107,Inactive,Out-of-Domain
0.8385226,CCN1C(=O)/C(=C\c2ccc([O-])c(OC)c2)S/C1=N\c1cccc(C(=O)[O-])c1,0.0106,Inactive,Out-of-Domain
0.98978233,C[C@@H](N)c1ccc2[nH]ccc2c1,0.0103,Inactive,Out-of-Domain
0.59882355,Cc1nn(-c2ccc([O-])nn2)c2c1[C@@H](c1ccc(C(=O)[O-])cc1)CC(=O)N2,0.0103,Inactive,Out-of-Domain
0.9970988,O=c1cc(Cn2cnc3cc(-c4ccccc4)sc3c2=O)[nH]cn1,0.0103,Inactive,Out-of-Domain
0.8302136,COc1cc(/C=N/O)ccc1OCc1ccc(C(=O)[O-])cc1,0.0102,Inactive,Out-of-Domain
0.99705935,CCOc1cccc(C[N@@H+]2CCC[C@@H](c3cc(=O)[nH]c(-c4ccccn4)n3)C2)c1[O-],0.0101,Inactive,Out-of-Domain
0.9747556,COc1cc(/C=C2\SC(=S)N(c3ccc(O)cc3)C2=O)ccc1[O-],0.0094,Inactive,In-Domain
0.13886762,C[C@@H](NC(=O)/C=C/c1cc(CO)cs1)c1nc(CC(=O)[O-])n[nH]1,0.0088,Inactive,Out-of-Domain
0.9969445,Cn1c(N)nc2c3ccc(=O)[nH]c3ccc21,0.0082,Inactive,Out-of-Domain
0.42291307,CCOC(=O)c1ccc([C@@H](C)[NH2+]N)cc1,0.008,Inactive,In-Domain
0.9908207,O=C([O-])C[C@H]1S/C(=N\N=C\c2ccc(O)cc2O)NC1=O,0.0077,Inactive,In-Domain
0.16376339,COc1cc2oc(-c3ccc(O)cc3)c(O)c(=O)c2c(O)c1OC,0.0075,Inactive,In-Domain
0.36171937,NCc1ccc(-n2cccn2)cc1,0.0074,Inactive,Out-of-Domain
0.8991337,OCc1ccc(Cn2cc(O)cn2)cc1,0.0072,Inactive,Out-of-Domain
0.5594039,CCOC(=O)c1ccc([C@H](C)[NH2+]N)cc1,0.0068,Inactive,In-Domain
0.98020375,N[C@@H](Cc1c[nH]c(=O)[nH]1)C(=O)[O-],0.0065,Inactive,Out-of-Domain
0.99921596,[O-]c1cnn(Cc2ccc(CO)cc2)c1,0.0064,Inactive,Out-of-Domain
0.9004863,C[C@@H]([NH3+])c1ccc2[nH]ccc2c1,0.0063,Inactive,Out-of-Domain
0.7695314,O=C([O-])[C@H]1CCC(=O)N1Cc1ccc(O)cc1,0.0062,Inactive,In-Domain
0.9592388,[NH3+][C@@H](Cc1c[nH]c(=O)[nH]1)C(=O)[O-],0.006,Inactive,Out-of-Domain
0.7433345,CO[C@@]12CC[C@H](OCCO)C[C@@H]1N(Cc1cn(CCO)nc1C)CC2,0.0055,Inactive,Out-of-Domain
0.039837316,O=c1cc(Cn2cnc3cc(-c4ccccc4)sc3c2=O)nc[nH]1,0.0055,Inactive,Out-of-Domain
0.98877114,CC1(C[C@@H]([NH3+])CO)CC1,0.0049,Inactive,Out-of-Domain
0.85881716,NNC(=O)Cc1coc2cc(O)ccc12,0.0035,Inactive,In-Domain
0.98990786,NNC(=O)Cc1coc2cc([O-])ccc12,0.0034,Inactive,Out-of-Domain
